task	encoder	variant	split	id	truth	prediction	prob_yes	prob_no	prob_maybe
pubmedqa	microsoft/BiomedNLP-BiomedBERT-base-uncased-abstract-fulltext	frozen_mean_zscore_lr_c10.0_cwbalanced_selected_on_val	val	10381996	no	no	3.5322111102686904e-07	0.9994470477104187	0.0005526141030713916
pubmedqa	microsoft/BiomedNLP-BiomedBERT-base-uncased-abstract-fulltext	frozen_mean_zscore_lr_c10.0_cwbalanced_selected_on_val	val	10430303	yes	no	1.8432616855079687e-07	0.9999774694442749	2.2284759324975312e-05
pubmedqa	microsoft/BiomedNLP-BiomedBERT-base-uncased-abstract-fulltext	frozen_mean_zscore_lr_c10.0_cwbalanced_selected_on_val	val	10548670	yes	yes	0.999862790107727	4.679335324908607e-05	9.044686885317788e-05
pubmedqa	microsoft/BiomedNLP-BiomedBERT-base-uncased-abstract-fulltext	frozen_mean_zscore_lr_c10.0_cwbalanced_selected_on_val	val	10593212	no	yes	0.7136632204055786	0.023688718676567078	0.2626480758190155
pubmedqa	microsoft/BiomedNLP-BiomedBERT-base-uncased-abstract-fulltext	frozen_mean_zscore_lr_c10.0_cwbalanced_selected_on_val	val	10732884	no	maybe	0.22882306575775146	0.32347381114959717	0.44770312309265137
pubmedqa	microsoft/BiomedNLP-BiomedBERT-base-uncased-abstract-fulltext	frozen_mean_zscore_lr_c10.0_cwbalanced_selected_on_val	val	10749257	yes	maybe	0.036946337670087814	0.0002634762495290488	0.9627901911735535
pubmedqa	microsoft/BiomedNLP-BiomedBERT-base-uncased-abstract-fulltext	frozen_mean_zscore_lr_c10.0_cwbalanced_selected_on_val	val	10781708	no	yes	0.6400752663612366	0.3175690770149231	0.04235568270087242
pubmedqa	microsoft/BiomedNLP-BiomedBERT-base-uncased-abstract-fulltext	frozen_mean_zscore_lr_c10.0_cwbalanced_selected_on_val	val	10783841	yes	no	0.0003794340882450342	0.999515175819397	0.00010546779230935499
pubmedqa	microsoft/BiomedNLP-BiomedBERT-base-uncased-abstract-fulltext	frozen_mean_zscore_lr_c10.0_cwbalanced_selected_on_val	val	11079675	yes	yes	0.9426797032356262	0.05722709372639656	9.321076504420489e-05
pubmedqa	microsoft/BiomedNLP-BiomedBERT-base-uncased-abstract-fulltext	frozen_mean_zscore_lr_c10.0_cwbalanced_selected_on_val	val	11380492	yes	yes	0.9282878637313843	0.07171165943145752	4.792111099050089e-07
pubmedqa	microsoft/BiomedNLP-BiomedBERT-base-uncased-abstract-fulltext	frozen_mean_zscore_lr_c10.0_cwbalanced_selected_on_val	val	11481599	yes	yes	0.9973273277282715	3.670109435915947e-05	0.00263591599650681
pubmedqa	microsoft/BiomedNLP-BiomedBERT-base-uncased-abstract-fulltext	frozen_mean_zscore_lr_c10.0_cwbalanced_selected_on_val	val	11483547	no	yes	0.999158501625061	0.0008399198413826525	1.6223137890847283e-06
pubmedqa	microsoft/BiomedNLP-BiomedBERT-base-uncased-abstract-fulltext	frozen_mean_zscore_lr_c10.0_cwbalanced_selected_on_val	val	11926574	no	no	0.2062387317419052	0.5952475070953369	0.1985136866569519
pubmedqa	microsoft/BiomedNLP-BiomedBERT-base-uncased-abstract-fulltext	frozen_mean_zscore_lr_c10.0_cwbalanced_selected_on_val	val	12040336	no	yes	0.9847843647003174	0.012974054552614689	0.0022415167186409235
pubmedqa	microsoft/BiomedNLP-BiomedBERT-base-uncased-abstract-fulltext	frozen_mean_zscore_lr_c10.0_cwbalanced_selected_on_val	val	12419743	yes	no	0.15742716193199158	0.7062211036682129	0.13635170459747314
pubmedqa	microsoft/BiomedNLP-BiomedBERT-base-uncased-abstract-fulltext	frozen_mean_zscore_lr_c10.0_cwbalanced_selected_on_val	val	12607666	yes	yes	0.5696107745170593	0.0032513700425624847	0.4271378815174103
pubmedqa	microsoft/BiomedNLP-BiomedBERT-base-uncased-abstract-fulltext	frozen_mean_zscore_lr_c10.0_cwbalanced_selected_on_val	val	12612531	yes	yes	0.998794436454773	0.00011689188977470621	0.0010885924566537142
pubmedqa	microsoft/BiomedNLP-BiomedBERT-base-uncased-abstract-fulltext	frozen_mean_zscore_lr_c10.0_cwbalanced_selected_on_val	val	12690589	yes	no	0.00010912362631643191	0.9523671269416809	0.04752376675605774
pubmedqa	microsoft/BiomedNLP-BiomedBERT-base-uncased-abstract-fulltext	frozen_mean_zscore_lr_c10.0_cwbalanced_selected_on_val	val	14745753	yes	no	0.10693418979644775	0.8930469751358032	1.8827380699804053e-05
pubmedqa	microsoft/BiomedNLP-BiomedBERT-base-uncased-abstract-fulltext	frozen_mean_zscore_lr_c10.0_cwbalanced_selected_on_val	val	14978612	yes	yes	0.5071294903755188	0.4782516062259674	0.014618904329836369
pubmedqa	microsoft/BiomedNLP-BiomedBERT-base-uncased-abstract-fulltext	frozen_mean_zscore_lr_c10.0_cwbalanced_selected_on_val	val	15053041	no	yes	0.9997996687889099	0.00019321806030347943	7.173576705099549e-06
pubmedqa	microsoft/BiomedNLP-BiomedBERT-base-uncased-abstract-fulltext	frozen_mean_zscore_lr_c10.0_cwbalanced_selected_on_val	val	15112004	no	no	7.876760875491495e-12	1.0	2.9425042402664303e-09
pubmedqa	microsoft/BiomedNLP-BiomedBERT-base-uncased-abstract-fulltext	frozen_mean_zscore_lr_c10.0_cwbalanced_selected_on_val	val	15125825	yes	yes	0.9796698093414307	0.02007736824452877	0.0002528364711906761
pubmedqa	microsoft/BiomedNLP-BiomedBERT-base-uncased-abstract-fulltext	frozen_mean_zscore_lr_c10.0_cwbalanced_selected_on_val	val	15223779	yes	maybe	0.0018678662599995732	1.0151940841751639e-05	0.9981220364570618
pubmedqa	microsoft/BiomedNLP-BiomedBERT-base-uncased-abstract-fulltext	frozen_mean_zscore_lr_c10.0_cwbalanced_selected_on_val	val	15483019	yes	yes	0.900143563747406	0.022391026839613914	0.07746544480323792
pubmedqa	microsoft/BiomedNLP-BiomedBERT-base-uncased-abstract-fulltext	frozen_mean_zscore_lr_c10.0_cwbalanced_selected_on_val	val	15539888	yes	yes	0.9420143961906433	0.0005014315829612315	0.05748415365815163
pubmedqa	microsoft/BiomedNLP-BiomedBERT-base-uncased-abstract-fulltext	frozen_mean_zscore_lr_c10.0_cwbalanced_selected_on_val	val	15943725	yes	no	0.003991724923253059	0.995995044708252	1.3196770851209294e-05
pubmedqa	microsoft/BiomedNLP-BiomedBERT-base-uncased-abstract-fulltext	frozen_mean_zscore_lr_c10.0_cwbalanced_selected_on_val	val	15995461	yes	yes	0.999993085861206	7.488086595230925e-09	6.886737082822947e-06
pubmedqa	microsoft/BiomedNLP-BiomedBERT-base-uncased-abstract-fulltext	frozen_mean_zscore_lr_c10.0_cwbalanced_selected_on_val	val	16155169	no	no	0.02588072046637535	0.9740868210792542	3.2441530493088067e-05
pubmedqa	microsoft/BiomedNLP-BiomedBERT-base-uncased-abstract-fulltext	frozen_mean_zscore_lr_c10.0_cwbalanced_selected_on_val	val	16195477	yes	yes	0.9999978542327881	1.735779055211939e-11	2.1775110781163676e-06
pubmedqa	microsoft/BiomedNLP-BiomedBERT-base-uncased-abstract-fulltext	frozen_mean_zscore_lr_c10.0_cwbalanced_selected_on_val	val	16249670	no	no	0.26291558146476746	0.5087594389915466	0.2283249944448471
pubmedqa	microsoft/BiomedNLP-BiomedBERT-base-uncased-abstract-fulltext	frozen_mean_zscore_lr_c10.0_cwbalanced_selected_on_val	val	16296668	no	yes	0.997468113899231	0.0019097963813692331	0.0006220492068678141
pubmedqa	microsoft/BiomedNLP-BiomedBERT-base-uncased-abstract-fulltext	frozen_mean_zscore_lr_c10.0_cwbalanced_selected_on_val	val	16498158	yes	no	0.24180874228477478	0.7540324926376343	0.0041587334126234055
pubmedqa	microsoft/BiomedNLP-BiomedBERT-base-uncased-abstract-fulltext	frozen_mean_zscore_lr_c10.0_cwbalanced_selected_on_val	val	16510651	no	no	0.49848198890686035	0.5015161037445068	1.8979669675900368e-06
pubmedqa	microsoft/BiomedNLP-BiomedBERT-base-uncased-abstract-fulltext	frozen_mean_zscore_lr_c10.0_cwbalanced_selected_on_val	val	16538201	maybe	yes	0.9979326725006104	3.899825242115185e-05	0.0020283253397792578
pubmedqa	microsoft/BiomedNLP-BiomedBERT-base-uncased-abstract-fulltext	frozen_mean_zscore_lr_c10.0_cwbalanced_selected_on_val	val	16769333	yes	yes	0.6903107762336731	0.2877263128757477	0.021962886676192284
pubmedqa	microsoft/BiomedNLP-BiomedBERT-base-uncased-abstract-fulltext	frozen_mean_zscore_lr_c10.0_cwbalanced_selected_on_val	val	16909975	yes	no	1.4591361008342574e-08	0.9995852112770081	0.0004147788567934185
pubmedqa	microsoft/BiomedNLP-BiomedBERT-base-uncased-abstract-fulltext	frozen_mean_zscore_lr_c10.0_cwbalanced_selected_on_val	val	17076091	maybe	yes	0.9565773010253906	7.810095848981291e-05	0.04334454983472824
pubmedqa	microsoft/BiomedNLP-BiomedBERT-base-uncased-abstract-fulltext	frozen_mean_zscore_lr_c10.0_cwbalanced_selected_on_val	val	17259061	yes	yes	0.8908158540725708	0.0238041914999485	0.08537998795509338
pubmedqa	microsoft/BiomedNLP-BiomedBERT-base-uncased-abstract-fulltext	frozen_mean_zscore_lr_c10.0_cwbalanced_selected_on_val	val	17279467	maybe	yes	0.5400370359420776	0.33026301860809326	0.12969999015331268
pubmedqa	microsoft/BiomedNLP-BiomedBERT-base-uncased-abstract-fulltext	frozen_mean_zscore_lr_c10.0_cwbalanced_selected_on_val	val	17489316	maybe	maybe	0.2892819344997406	0.17211218178272247	0.5386058688163757
pubmedqa	microsoft/BiomedNLP-BiomedBERT-base-uncased-abstract-fulltext	frozen_mean_zscore_lr_c10.0_cwbalanced_selected_on_val	val	17595200	no	no	3.32116997014964e-07	0.9999995231628418	8.93127563017515e-08
pubmedqa	microsoft/BiomedNLP-BiomedBERT-base-uncased-abstract-fulltext	frozen_mean_zscore_lr_c10.0_cwbalanced_selected_on_val	val	17610439	yes	yes	0.9999370574951172	1.290270211029565e-05	5.0024958909489214e-05
pubmedqa	microsoft/BiomedNLP-BiomedBERT-base-uncased-abstract-fulltext	frozen_mean_zscore_lr_c10.0_cwbalanced_selected_on_val	val	17940352	maybe	maybe	0.12517262995243073	0.0002559097483754158	0.8745715022087097
pubmedqa	microsoft/BiomedNLP-BiomedBERT-base-uncased-abstract-fulltext	frozen_mean_zscore_lr_c10.0_cwbalanced_selected_on_val	val	18019905	no	yes	0.7221832871437073	4.952706876792945e-05	0.2777671813964844
pubmedqa	microsoft/BiomedNLP-BiomedBERT-base-uncased-abstract-fulltext	frozen_mean_zscore_lr_c10.0_cwbalanced_selected_on_val	val	18251357	yes	no	0.12749144434928894	0.872496485710144	1.2058278116455767e-05
pubmedqa	microsoft/BiomedNLP-BiomedBERT-base-uncased-abstract-fulltext	frozen_mean_zscore_lr_c10.0_cwbalanced_selected_on_val	val	18378554	no	yes	0.9960076808929443	0.001836510025896132	0.002155736554414034
pubmedqa	microsoft/BiomedNLP-BiomedBERT-base-uncased-abstract-fulltext	frozen_mean_zscore_lr_c10.0_cwbalanced_selected_on_val	val	18435678	no	no	0.008930743671953678	0.8678754568099976	0.12319381535053253
pubmedqa	microsoft/BiomedNLP-BiomedBERT-base-uncased-abstract-fulltext	frozen_mean_zscore_lr_c10.0_cwbalanced_selected_on_val	val	18568239	yes	no	4.909978542855242e-06	0.999990701675415	4.378634912427515e-06
pubmedqa	microsoft/BiomedNLP-BiomedBERT-base-uncased-abstract-fulltext	frozen_mean_zscore_lr_c10.0_cwbalanced_selected_on_val	val	18570208	yes	yes	0.9456255435943604	0.051616158336400986	0.0027583788614720106
pubmedqa	microsoft/BiomedNLP-BiomedBERT-base-uncased-abstract-fulltext	frozen_mean_zscore_lr_c10.0_cwbalanced_selected_on_val	val	18603989	yes	yes	0.9999942779541016	5.6865928854676895e-06	1.3587821534599698e-08
pubmedqa	microsoft/BiomedNLP-BiomedBERT-base-uncased-abstract-fulltext	frozen_mean_zscore_lr_c10.0_cwbalanced_selected_on_val	val	18693227	yes	no	0.005983220878988504	0.9850566983222961	0.00896008312702179
pubmedqa	microsoft/BiomedNLP-BiomedBERT-base-uncased-abstract-fulltext	frozen_mean_zscore_lr_c10.0_cwbalanced_selected_on_val	val	18926458	no	yes	0.8785535097122192	0.0068452549166977406	0.1146012544631958
pubmedqa	microsoft/BiomedNLP-BiomedBERT-base-uncased-abstract-fulltext	frozen_mean_zscore_lr_c10.0_cwbalanced_selected_on_val	val	19054501	yes	maybe	0.054828185588121414	0.023448185995221138	0.9217236638069153
pubmedqa	microsoft/BiomedNLP-BiomedBERT-base-uncased-abstract-fulltext	frozen_mean_zscore_lr_c10.0_cwbalanced_selected_on_val	val	19106867	yes	yes	0.9948582649230957	1.089878878701711e-06	0.005140624474734068
pubmedqa	microsoft/BiomedNLP-BiomedBERT-base-uncased-abstract-fulltext	frozen_mean_zscore_lr_c10.0_cwbalanced_selected_on_val	val	19142546	no	maybe	0.29549849033355713	0.12307921051979065	0.5814223289489746
pubmedqa	microsoft/BiomedNLP-BiomedBERT-base-uncased-abstract-fulltext	frozen_mean_zscore_lr_c10.0_cwbalanced_selected_on_val	val	19351635	maybe	no	0.037524137645959854	0.8425425291061401	0.11993326246738434
pubmedqa	microsoft/BiomedNLP-BiomedBERT-base-uncased-abstract-fulltext	frozen_mean_zscore_lr_c10.0_cwbalanced_selected_on_val	val	19406119	yes	yes	0.9850622415542603	0.014936882071197033	8.171444960680674e-07
pubmedqa	microsoft/BiomedNLP-BiomedBERT-base-uncased-abstract-fulltext	frozen_mean_zscore_lr_c10.0_cwbalanced_selected_on_val	val	19459018	no	no	4.806560173165053e-05	0.9995001554489136	0.0004517923516687006
pubmedqa	microsoft/BiomedNLP-BiomedBERT-base-uncased-abstract-fulltext	frozen_mean_zscore_lr_c10.0_cwbalanced_selected_on_val	val	19504993	yes	no	0.019093040376901627	0.9808508157730103	5.607350612990558e-05
pubmedqa	microsoft/BiomedNLP-BiomedBERT-base-uncased-abstract-fulltext	frozen_mean_zscore_lr_c10.0_cwbalanced_selected_on_val	val	19578820	maybe	no	0.00016372819663956761	0.9985260963439941	0.0013101953081786633
pubmedqa	microsoft/BiomedNLP-BiomedBERT-base-uncased-abstract-fulltext	frozen_mean_zscore_lr_c10.0_cwbalanced_selected_on_val	val	19615731	no	yes	0.6891888380050659	0.04372784495353699	0.2670832872390747
pubmedqa	microsoft/BiomedNLP-BiomedBERT-base-uncased-abstract-fulltext	frozen_mean_zscore_lr_c10.0_cwbalanced_selected_on_val	val	20101129	maybe	maybe	0.07339419424533844	0.0005766954272985458	0.9260291457176208
pubmedqa	microsoft/BiomedNLP-BiomedBERT-base-uncased-abstract-fulltext	frozen_mean_zscore_lr_c10.0_cwbalanced_selected_on_val	val	20156655	yes	yes	0.9080438613891602	0.0020177008118480444	0.08993849158287048
pubmedqa	microsoft/BiomedNLP-BiomedBERT-base-uncased-abstract-fulltext	frozen_mean_zscore_lr_c10.0_cwbalanced_selected_on_val	val	20304513	no	no	0.0010846116347238421	0.9989144802093506	9.361522188555682e-07
pubmedqa	microsoft/BiomedNLP-BiomedBERT-base-uncased-abstract-fulltext	frozen_mean_zscore_lr_c10.0_cwbalanced_selected_on_val	val	20363841	no	no	0.20093895494937897	0.7989991307258606	6.192595901666209e-05
pubmedqa	microsoft/BiomedNLP-BiomedBERT-base-uncased-abstract-fulltext	frozen_mean_zscore_lr_c10.0_cwbalanced_selected_on_val	val	20382292	yes	yes	0.9761816263198853	5.188051727600396e-05	0.023766523227095604
pubmedqa	microsoft/BiomedNLP-BiomedBERT-base-uncased-abstract-fulltext	frozen_mean_zscore_lr_c10.0_cwbalanced_selected_on_val	val	20602784	yes	yes	0.9588097333908081	8.21574758447241e-07	0.041189439594745636
pubmedqa	microsoft/BiomedNLP-BiomedBERT-base-uncased-abstract-fulltext	frozen_mean_zscore_lr_c10.0_cwbalanced_selected_on_val	val	20736672	maybe	yes	0.9957139492034912	0.00015980564057826996	0.0041262865997850895
pubmedqa	microsoft/BiomedNLP-BiomedBERT-base-uncased-abstract-fulltext	frozen_mean_zscore_lr_c10.0_cwbalanced_selected_on_val	val	20736887	no	no	0.4559144079685211	0.5440062880516052	7.929991988930851e-05
pubmedqa	microsoft/BiomedNLP-BiomedBERT-base-uncased-abstract-fulltext	frozen_mean_zscore_lr_c10.0_cwbalanced_selected_on_val	val	20813740	yes	yes	0.9739369750022888	0.0019832646939903498	0.024079740047454834
pubmedqa	microsoft/BiomedNLP-BiomedBERT-base-uncased-abstract-fulltext	frozen_mean_zscore_lr_c10.0_cwbalanced_selected_on_val	val	21074975	yes	yes	0.999998927116394	7.297701358766062e-07	3.3695332035676984e-07
pubmedqa	microsoft/BiomedNLP-BiomedBERT-base-uncased-abstract-fulltext	frozen_mean_zscore_lr_c10.0_cwbalanced_selected_on_val	val	21084567	yes	no	0.03247899189591408	0.9674420952796936	7.889889093348756e-05
pubmedqa	microsoft/BiomedNLP-BiomedBERT-base-uncased-abstract-fulltext	frozen_mean_zscore_lr_c10.0_cwbalanced_selected_on_val	val	21172844	yes	no	0.29427310824394226	0.7053764462471008	0.00035046605626121163
pubmedqa	microsoft/BiomedNLP-BiomedBERT-base-uncased-abstract-fulltext	frozen_mean_zscore_lr_c10.0_cwbalanced_selected_on_val	val	21198823	no	yes	0.8891860842704773	0.07622790336608887	0.03458597883582115
pubmedqa	microsoft/BiomedNLP-BiomedBERT-base-uncased-abstract-fulltext	frozen_mean_zscore_lr_c10.0_cwbalanced_selected_on_val	val	21402341	no	maybe	0.1934698522090912	0.0007311035878956318	0.8057990074157715
pubmedqa	microsoft/BiomedNLP-BiomedBERT-base-uncased-abstract-fulltext	frozen_mean_zscore_lr_c10.0_cwbalanced_selected_on_val	val	21658267	yes	no	0.07812337577342987	0.9123475551605225	0.009528986178338528
pubmedqa	microsoft/BiomedNLP-BiomedBERT-base-uncased-abstract-fulltext	frozen_mean_zscore_lr_c10.0_cwbalanced_selected_on_val	val	21669959	yes	maybe	0.4612976312637329	0.0014818294439464808	0.5372205376625061
pubmedqa	microsoft/BiomedNLP-BiomedBERT-base-uncased-abstract-fulltext	frozen_mean_zscore_lr_c10.0_cwbalanced_selected_on_val	val	21745056	yes	maybe	0.07781379669904709	0.12442592531442642	0.7977602481842041
pubmedqa	microsoft/BiomedNLP-BiomedBERT-base-uncased-abstract-fulltext	frozen_mean_zscore_lr_c10.0_cwbalanced_selected_on_val	val	21951591	yes	maybe	0.048767417669296265	7.366785575868562e-05	0.951158881187439
pubmedqa	microsoft/BiomedNLP-BiomedBERT-base-uncased-abstract-fulltext	frozen_mean_zscore_lr_c10.0_cwbalanced_selected_on_val	val	21979183	no	no	0.04823834449052811	0.9515108466148376	0.000250785582466051
pubmedqa	microsoft/BiomedNLP-BiomedBERT-base-uncased-abstract-fulltext	frozen_mean_zscore_lr_c10.0_cwbalanced_selected_on_val	val	22075911	yes	no	0.35080012679100037	0.5222496390342712	0.12695026397705078
pubmedqa	microsoft/BiomedNLP-BiomedBERT-base-uncased-abstract-fulltext	frozen_mean_zscore_lr_c10.0_cwbalanced_selected_on_val	val	22154448	no	no	0.0005507365567609668	0.9886233806610107	0.010825891979038715
pubmedqa	microsoft/BiomedNLP-BiomedBERT-base-uncased-abstract-fulltext	frozen_mean_zscore_lr_c10.0_cwbalanced_selected_on_val	val	22301406	yes	no	0.10576679557561874	0.737639844417572	0.15659332275390625
pubmedqa	microsoft/BiomedNLP-BiomedBERT-base-uncased-abstract-fulltext	frozen_mean_zscore_lr_c10.0_cwbalanced_selected_on_val	val	22519710	no	no	0.0020417734049260616	0.9979419112205505	1.6248686733888462e-05
pubmedqa	microsoft/BiomedNLP-BiomedBERT-base-uncased-abstract-fulltext	frozen_mean_zscore_lr_c10.0_cwbalanced_selected_on_val	val	22534881	no	no	0.4338195025920868	0.5661802887916565	2.2450731762546638e-07
pubmedqa	microsoft/BiomedNLP-BiomedBERT-base-uncased-abstract-fulltext	frozen_mean_zscore_lr_c10.0_cwbalanced_selected_on_val	val	22813804	no	yes	0.9759315848350525	0.021584168076515198	0.002484289463609457
pubmedqa	microsoft/BiomedNLP-BiomedBERT-base-uncased-abstract-fulltext	frozen_mean_zscore_lr_c10.0_cwbalanced_selected_on_val	val	22902073	yes	yes	0.9998878240585327	9.152404527412727e-05	2.06789409276098e-05
pubmedqa	microsoft/BiomedNLP-BiomedBERT-base-uncased-abstract-fulltext	frozen_mean_zscore_lr_c10.0_cwbalanced_selected_on_val	val	23052500	no	maybe	0.00013323844177648425	0.045409683138132095	0.9544571042060852
pubmedqa	microsoft/BiomedNLP-BiomedBERT-base-uncased-abstract-fulltext	frozen_mean_zscore_lr_c10.0_cwbalanced_selected_on_val	val	23072266	yes	maybe	0.21931494772434235	0.006156358402222395	0.7745286822319031
pubmedqa	microsoft/BiomedNLP-BiomedBERT-base-uncased-abstract-fulltext	frozen_mean_zscore_lr_c10.0_cwbalanced_selected_on_val	val	23224030	yes	no	0.007563059683889151	0.9923727512359619	6.419997953344136e-05
pubmedqa	microsoft/BiomedNLP-BiomedBERT-base-uncased-abstract-fulltext	frozen_mean_zscore_lr_c10.0_cwbalanced_selected_on_val	val	23240452	no	no	0.0368371307849884	0.9506530165672302	0.012509750202298164
pubmedqa	microsoft/BiomedNLP-BiomedBERT-base-uncased-abstract-fulltext	frozen_mean_zscore_lr_c10.0_cwbalanced_selected_on_val	val	23379759	yes	no	0.00016559255891479552	0.99910968542099	0.0007247800240293145
pubmedqa	microsoft/BiomedNLP-BiomedBERT-base-uncased-abstract-fulltext	frozen_mean_zscore_lr_c10.0_cwbalanced_selected_on_val	val	23422012	no	yes	0.9612948894500732	0.00029648447525687516	0.03840864449739456
pubmedqa	microsoft/BiomedNLP-BiomedBERT-base-uncased-abstract-fulltext	frozen_mean_zscore_lr_c10.0_cwbalanced_selected_on_val	val	23449952	no	no	0.08755766600370407	0.9124423265457153	1.3161313816567599e-08
pubmedqa	microsoft/BiomedNLP-BiomedBERT-base-uncased-abstract-fulltext	frozen_mean_zscore_lr_c10.0_cwbalanced_selected_on_val	val	23453079	yes	no	0.0008242757176049054	0.9991750121116638	7.388273388642119e-07
pubmedqa	microsoft/BiomedNLP-BiomedBERT-base-uncased-abstract-fulltext	frozen_mean_zscore_lr_c10.0_cwbalanced_selected_on_val	val	23792130	yes	yes	0.9887746572494507	0.011215327307581902	9.97158440441126e-06
pubmedqa	microsoft/BiomedNLP-BiomedBERT-base-uncased-abstract-fulltext	frozen_mean_zscore_lr_c10.0_cwbalanced_selected_on_val	val	23806388	yes	yes	0.9999809265136719	6.42995701127802e-07	1.846762461354956e-05
pubmedqa	microsoft/BiomedNLP-BiomedBERT-base-uncased-abstract-fulltext	frozen_mean_zscore_lr_c10.0_cwbalanced_selected_on_val	val	23810330	yes	no	5.344207238522358e-06	0.9998345375061035	0.0001600805699126795
pubmedqa	microsoft/BiomedNLP-BiomedBERT-base-uncased-abstract-fulltext	frozen_mean_zscore_lr_c10.0_cwbalanced_selected_on_val	val	23972333	yes	yes	0.7686025500297546	0.21001982688903809	0.021377630531787872
pubmedqa	microsoft/BiomedNLP-BiomedBERT-base-uncased-abstract-fulltext	frozen_mean_zscore_lr_c10.0_cwbalanced_selected_on_val	val	23999452	yes	yes	0.9999526739120483	1.1494081491036923e-06	4.6160912461346015e-05
pubmedqa	microsoft/BiomedNLP-BiomedBERT-base-uncased-abstract-fulltext	frozen_mean_zscore_lr_c10.0_cwbalanced_selected_on_val	val	24153338	yes	maybe	0.4503558278083801	0.0151390815153718	0.5345050692558289
pubmedqa	microsoft/BiomedNLP-BiomedBERT-base-uncased-abstract-fulltext	frozen_mean_zscore_lr_c10.0_cwbalanced_selected_on_val	val	24191126	yes	no	0.17271429300308228	0.625525951385498	0.20175975561141968
pubmedqa	microsoft/BiomedNLP-BiomedBERT-base-uncased-abstract-fulltext	frozen_mean_zscore_lr_c10.0_cwbalanced_selected_on_val	val	24237112	yes	yes	0.8840543627738953	0.08444128930568695	0.03150435537099838
pubmedqa	microsoft/BiomedNLP-BiomedBERT-base-uncased-abstract-fulltext	frozen_mean_zscore_lr_c10.0_cwbalanced_selected_on_val	val	24267613	no	no	0.18363411724567413	0.814811646938324	0.001554190763272345
pubmedqa	microsoft/BiomedNLP-BiomedBERT-base-uncased-abstract-fulltext	frozen_mean_zscore_lr_c10.0_cwbalanced_selected_on_val	val	24318956	yes	yes	0.604953408241272	0.39504650235176086	9.064105910283615e-08
pubmedqa	microsoft/BiomedNLP-BiomedBERT-base-uncased-abstract-fulltext	frozen_mean_zscore_lr_c10.0_cwbalanced_selected_on_val	val	24481006	yes	no	0.4337595999240875	0.5662378668785095	2.514519110263791e-06
pubmedqa	microsoft/BiomedNLP-BiomedBERT-base-uncased-abstract-fulltext	frozen_mean_zscore_lr_c10.0_cwbalanced_selected_on_val	val	24519615	yes	yes	0.9985936284065247	0.0012795943766832352	0.00012679521751124412
pubmedqa	microsoft/BiomedNLP-BiomedBERT-base-uncased-abstract-fulltext	frozen_mean_zscore_lr_c10.0_cwbalanced_selected_on_val	val	24599411	yes	no	0.00010887565440498292	0.9947373270988464	0.005153822246938944
pubmedqa	microsoft/BiomedNLP-BiomedBERT-base-uncased-abstract-fulltext	frozen_mean_zscore_lr_c10.0_cwbalanced_selected_on_val	val	24939676	no	no	8.858700311975554e-05	0.9996399879455566	0.00027142438921146095
pubmedqa	microsoft/BiomedNLP-BiomedBERT-base-uncased-abstract-fulltext	frozen_mean_zscore_lr_c10.0_cwbalanced_selected_on_val	val	24958650	yes	yes	0.9810968041419983	0.018877223134040833	2.5964709493564442e-05
pubmedqa	microsoft/BiomedNLP-BiomedBERT-base-uncased-abstract-fulltext	frozen_mean_zscore_lr_c10.0_cwbalanced_selected_on_val	val	25034219	no	no	0.026708804070949554	0.8270916938781738	0.14619950950145721
pubmedqa	microsoft/BiomedNLP-BiomedBERT-base-uncased-abstract-fulltext	frozen_mean_zscore_lr_c10.0_cwbalanced_selected_on_val	val	25150098	yes	yes	0.9985091090202332	2.5425116234600864e-08	0.0014907915610820055
pubmedqa	microsoft/BiomedNLP-BiomedBERT-base-uncased-abstract-fulltext	frozen_mean_zscore_lr_c10.0_cwbalanced_selected_on_val	val	25168472	yes	maybe	0.02648191712796688	0.01728985831141472	0.9562282562255859
pubmedqa	microsoft/BiomedNLP-BiomedBERT-base-uncased-abstract-fulltext	frozen_mean_zscore_lr_c10.0_cwbalanced_selected_on_val	val	25228241	yes	yes	0.9777953624725342	0.021831341087818146	0.0003733589837793261
pubmedqa	microsoft/BiomedNLP-BiomedBERT-base-uncased-abstract-fulltext	frozen_mean_zscore_lr_c10.0_cwbalanced_selected_on_val	val	25255719	yes	maybe	0.03252609446644783	0.22078175842761993	0.7466921210289001
pubmedqa	microsoft/BiomedNLP-BiomedBERT-base-uncased-abstract-fulltext	frozen_mean_zscore_lr_c10.0_cwbalanced_selected_on_val	val	25406780	yes	no	0.16125306487083435	0.8097821474075317	0.028964821249246597
pubmedqa	microsoft/BiomedNLP-BiomedBERT-base-uncased-abstract-fulltext	frozen_mean_zscore_lr_c10.0_cwbalanced_selected_on_val	val	25571931	maybe	yes	0.9593254923820496	0.03186552971601486	0.008808997459709644
pubmedqa	microsoft/BiomedNLP-BiomedBERT-base-uncased-abstract-fulltext	frozen_mean_zscore_lr_c10.0_cwbalanced_selected_on_val	val	25592625	no	no	0.0008908877498470247	0.9951257109642029	0.003983452916145325
pubmedqa	microsoft/BiomedNLP-BiomedBERT-base-uncased-abstract-fulltext	frozen_mean_zscore_lr_c10.0_cwbalanced_selected_on_val	val	25614468	no	yes	0.9964998960494995	0.003500010585412383	1.1611599859406851e-07
pubmedqa	microsoft/BiomedNLP-BiomedBERT-base-uncased-abstract-fulltext	frozen_mean_zscore_lr_c10.0_cwbalanced_selected_on_val	val	25735444	maybe	yes	0.5856882333755493	0.02583768591284752	0.3884740173816681
pubmedqa	microsoft/BiomedNLP-BiomedBERT-base-uncased-abstract-fulltext	frozen_mean_zscore_lr_c10.0_cwbalanced_selected_on_val	val	25885219	yes	yes	0.9878373146057129	0.01215793751180172	4.686027750722133e-06
pubmedqa	microsoft/BiomedNLP-BiomedBERT-base-uncased-abstract-fulltext	frozen_mean_zscore_lr_c10.0_cwbalanced_selected_on_val	val	25887165	yes	yes	0.9874326586723328	0.011014493182301521	0.001552810426801443
pubmedqa	microsoft/BiomedNLP-BiomedBERT-base-uncased-abstract-fulltext	frozen_mean_zscore_lr_c10.0_cwbalanced_selected_on_val	val	25940336	yes	yes	0.9999971389770508	1.891236145468156e-08	2.8517297323560342e-06
pubmedqa	microsoft/BiomedNLP-BiomedBERT-base-uncased-abstract-fulltext	frozen_mean_zscore_lr_c10.0_cwbalanced_selected_on_val	val	25981682	no	yes	0.5414177179336548	0.005265105050057173	0.45331716537475586
pubmedqa	microsoft/BiomedNLP-BiomedBERT-base-uncased-abstract-fulltext	frozen_mean_zscore_lr_c10.0_cwbalanced_selected_on_val	val	26044262	no	no	0.08438771218061447	0.5521872043609619	0.363425076007843
pubmedqa	microsoft/BiomedNLP-BiomedBERT-base-uncased-abstract-fulltext	frozen_mean_zscore_lr_c10.0_cwbalanced_selected_on_val	val	26085176	yes	yes	0.96900874376297	0.030178522691130638	0.0008127489127218723
pubmedqa	microsoft/BiomedNLP-BiomedBERT-base-uncased-abstract-fulltext	frozen_mean_zscore_lr_c10.0_cwbalanced_selected_on_val	val	26113007	no	no	0.0117380041629076	0.9882590770721436	2.9209465992607875e-06
pubmedqa	microsoft/BiomedNLP-BiomedBERT-base-uncased-abstract-fulltext	frozen_mean_zscore_lr_c10.0_cwbalanced_selected_on_val	val	26126304	no	no	0.40547046065330505	0.5945241451263428	5.414749921328621e-06
pubmedqa	microsoft/BiomedNLP-BiomedBERT-base-uncased-abstract-fulltext	frozen_mean_zscore_lr_c10.0_cwbalanced_selected_on_val	val	26175531	no	no	0.013661379925906658	0.9863355159759521	3.00125134344853e-06
pubmedqa	microsoft/BiomedNLP-BiomedBERT-base-uncased-abstract-fulltext	frozen_mean_zscore_lr_c10.0_cwbalanced_selected_on_val	val	26505821	maybe	yes	0.9998192191123962	5.7972520153271034e-05	0.00012286320270504802
pubmedqa	microsoft/BiomedNLP-BiomedBERT-base-uncased-abstract-fulltext	frozen_mean_zscore_lr_c10.0_cwbalanced_selected_on_val	val	26536001	no	yes	0.9970809817314148	0.0028477588202804327	7.119865040294826e-05
pubmedqa	microsoft/BiomedNLP-BiomedBERT-base-uncased-abstract-fulltext	frozen_mean_zscore_lr_c10.0_cwbalanced_selected_on_val	val	26606599	maybe	yes	0.6971426010131836	0.0016217113006860018	0.3012356758117676
pubmedqa	microsoft/BiomedNLP-BiomedBERT-base-uncased-abstract-fulltext	frozen_mean_zscore_lr_c10.0_cwbalanced_selected_on_val	val	26708803	maybe	yes	0.9074745178222656	0.017627285793423653	0.07489826530218124
pubmedqa	microsoft/BiomedNLP-BiomedBERT-base-uncased-abstract-fulltext	frozen_mean_zscore_lr_c10.0_cwbalanced_selected_on_val	val	26864326	yes	yes	0.9788703918457031	0.020175088196992874	0.0009545711800456047
pubmedqa	microsoft/BiomedNLP-BiomedBERT-base-uncased-abstract-fulltext	frozen_mean_zscore_lr_c10.0_cwbalanced_selected_on_val	val	26999038	yes	yes	0.9864804148674011	1.8171152987633832e-05	0.013501383364200592
pubmedqa	microsoft/BiomedNLP-BiomedBERT-base-uncased-abstract-fulltext	frozen_mean_zscore_lr_c10.0_cwbalanced_selected_on_val	val	27131771	yes	no	0.03164460510015488	0.9644775390625	0.0038779082242399454
pubmedqa	microsoft/BiomedNLP-BiomedBERT-base-uncased-abstract-fulltext	frozen_mean_zscore_lr_c10.0_cwbalanced_selected_on_val	val	27146470	maybe	no	0.008295238018035889	0.9821094274520874	0.00959534477442503
pubmedqa	microsoft/BiomedNLP-BiomedBERT-base-uncased-abstract-fulltext	frozen_mean_zscore_lr_c10.0_cwbalanced_selected_on_val	val	27184293	maybe	no	1.977466126845684e-05	0.9815273880958557	0.018452828750014305
pubmedqa	microsoft/BiomedNLP-BiomedBERT-base-uncased-abstract-fulltext	frozen_mean_zscore_lr_c10.0_cwbalanced_selected_on_val	val	27554179	no	no	9.384784505073185e-08	0.9997521042823792	0.0002477985108271241
pubmedqa	microsoft/BiomedNLP-BiomedBERT-base-uncased-abstract-fulltext	frozen_mean_zscore_lr_c10.0_cwbalanced_selected_on_val	val	27581329	yes	yes	0.9663195013999939	0.03352609649300575	0.0001543838152429089
pubmedqa	microsoft/BiomedNLP-BiomedBERT-base-uncased-abstract-fulltext	frozen_mean_zscore_lr_c10.0_cwbalanced_selected_on_val	val	27908583	yes	yes	0.9977055191993713	0.0003205947868991643	0.0019739135168492794
pubmedqa	microsoft/BiomedNLP-BiomedBERT-base-uncased-abstract-fulltext	frozen_mean_zscore_lr_c10.0_cwbalanced_selected_on_val	val	28006766	yes	yes	0.9214159846305847	0.003304139943793416	0.07527989894151688
pubmedqa	microsoft/BiomedNLP-BiomedBERT-base-uncased-abstract-fulltext	frozen_mean_zscore_lr_c10.0_cwbalanced_selected_on_val	val	7497757	no	no	0.3686477839946747	0.6209932565689087	0.010358912870287895
pubmedqa	microsoft/BiomedNLP-BiomedBERT-base-uncased-abstract-fulltext	frozen_mean_zscore_lr_c10.0_cwbalanced_selected_on_val	val	8165771	yes	yes	0.9931156039237976	0.00598060293123126	0.0009038669522851706
pubmedqa	microsoft/BiomedNLP-BiomedBERT-base-uncased-abstract-fulltext	frozen_mean_zscore_lr_c10.0_cwbalanced_selected_on_val	val	8375607	yes	no	8.650452218716964e-05	0.9999068975448608	6.563013357663294e-06
pubmedqa	microsoft/BiomedNLP-BiomedBERT-base-uncased-abstract-fulltext	frozen_mean_zscore_lr_c10.0_cwbalanced_selected_on_val	val	8847047	no	no	0.10942205786705017	0.8870450854301453	0.003532892558723688
pubmedqa	microsoft/BiomedNLP-BiomedBERT-base-uncased-abstract-fulltext	frozen_mean_zscore_lr_c10.0_cwbalanced_selected_on_val	val	9488747	yes	yes	0.591292679309845	0.4032314419746399	0.0054758586920797825
pubmedqa	microsoft/BiomedNLP-BiomedBERT-base-uncased-abstract-fulltext	frozen_mean_zscore_lr_c10.0_cwbalanced_selected_on_val	val	9603166	no	maybe	0.3846951425075531	0.011197999119758606	0.6041069030761719
pubmedqa	microsoft/BiomedNLP-BiomedBERT-base-uncased-abstract-fulltext	frozen_mean_zscore_lr_c10.0_cwbalanced_selected_on_val	val	9645785	no	no	0.03350434824824333	0.9664903879165649	5.30687793798279e-06
pubmedqa	microsoft/BiomedNLP-BiomedBERT-base-uncased-abstract-fulltext	frozen_mean_zscore_lr_c10.0_cwbalanced_selected_on_val	test	10158597	yes	yes	0.9999933242797852	6.710074103466468e-06	1.6314423589847138e-08
pubmedqa	microsoft/BiomedNLP-BiomedBERT-base-uncased-abstract-fulltext	frozen_mean_zscore_lr_c10.0_cwbalanced_selected_on_val	test	10223070	maybe	no	0.3464955687522888	0.6506946086883545	0.002809767844155431
pubmedqa	microsoft/BiomedNLP-BiomedBERT-base-uncased-abstract-fulltext	frozen_mean_zscore_lr_c10.0_cwbalanced_selected_on_val	test	10331115	yes	no	0.024746861308813095	0.9687351584434509	0.006517915055155754
pubmedqa	microsoft/BiomedNLP-BiomedBERT-base-uncased-abstract-fulltext	frozen_mean_zscore_lr_c10.0_cwbalanced_selected_on_val	test	10340286	maybe	maybe	0.00012694875476881862	0.19908197224140167	0.8007910251617432
pubmedqa	microsoft/BiomedNLP-BiomedBERT-base-uncased-abstract-fulltext	frozen_mean_zscore_lr_c10.0_cwbalanced_selected_on_val	test	10411439	yes	yes	0.9158402681350708	2.578288729182532e-07	0.08415950834751129
pubmedqa	microsoft/BiomedNLP-BiomedBERT-base-uncased-abstract-fulltext	frozen_mean_zscore_lr_c10.0_cwbalanced_selected_on_val	test	10456814	no	no	0.12067672610282898	0.8739746809005737	0.005348606966435909
pubmedqa	microsoft/BiomedNLP-BiomedBERT-base-uncased-abstract-fulltext	frozen_mean_zscore_lr_c10.0_cwbalanced_selected_on_val	test	10490564	yes	yes	0.9449630379676819	5.12923434143886e-05	0.0549856536090374
pubmedqa	microsoft/BiomedNLP-BiomedBERT-base-uncased-abstract-fulltext	frozen_mean_zscore_lr_c10.0_cwbalanced_selected_on_val	test	10575390	no	no	0.001198139158077538	0.8800607323646545	0.11874119192361832
pubmedqa	microsoft/BiomedNLP-BiomedBERT-base-uncased-abstract-fulltext	frozen_mean_zscore_lr_c10.0_cwbalanced_selected_on_val	test	10757151	no	yes	0.9945967197418213	0.0004474588204175234	0.004955844953656197
pubmedqa	microsoft/BiomedNLP-BiomedBERT-base-uncased-abstract-fulltext	frozen_mean_zscore_lr_c10.0_cwbalanced_selected_on_val	test	11247896	maybe	maybe	0.005234014708548784	0.1500689536333084	0.8446969985961914
pubmedqa	microsoft/BiomedNLP-BiomedBERT-base-uncased-abstract-fulltext	frozen_mean_zscore_lr_c10.0_cwbalanced_selected_on_val	test	11296674	maybe	no	0.3638859987258911	0.6329808831214905	0.003133150516077876
pubmedqa	microsoft/BiomedNLP-BiomedBERT-base-uncased-abstract-fulltext	frozen_mean_zscore_lr_c10.0_cwbalanced_selected_on_val	test	11334578	no	no	7.9977726272773e-06	0.999988317489624	3.7144038742553676e-06
pubmedqa	microsoft/BiomedNLP-BiomedBERT-base-uncased-abstract-fulltext	frozen_mean_zscore_lr_c10.0_cwbalanced_selected_on_val	test	11799314	yes	no	8.55630059959367e-06	0.9999910593032837	3.9082081570995797e-07
pubmedqa	microsoft/BiomedNLP-BiomedBERT-base-uncased-abstract-fulltext	frozen_mean_zscore_lr_c10.0_cwbalanced_selected_on_val	test	11862129	no	yes	0.7269300222396851	0.036428049206733704	0.236641988158226
pubmedqa	microsoft/BiomedNLP-BiomedBERT-base-uncased-abstract-fulltext	frozen_mean_zscore_lr_c10.0_cwbalanced_selected_on_val	test	11970923	yes	maybe	0.16004955768585205	0.009679222479462624	0.8302711248397827
pubmedqa	microsoft/BiomedNLP-BiomedBERT-base-uncased-abstract-fulltext	frozen_mean_zscore_lr_c10.0_cwbalanced_selected_on_val	test	12142826	no	no	0.1946238875389099	0.46512648463249207	0.34024959802627563
pubmedqa	microsoft/BiomedNLP-BiomedBERT-base-uncased-abstract-fulltext	frozen_mean_zscore_lr_c10.0_cwbalanced_selected_on_val	test	12221908	yes	yes	0.9999231100082397	7.080150680849329e-05	6.098097856011009e-06
pubmedqa	microsoft/BiomedNLP-BiomedBERT-base-uncased-abstract-fulltext	frozen_mean_zscore_lr_c10.0_cwbalanced_selected_on_val	test	12407608	maybe	yes	0.9796348214149475	0.0018057589186355472	0.018559422343969345
pubmedqa	microsoft/BiomedNLP-BiomedBERT-base-uncased-abstract-fulltext	frozen_mean_zscore_lr_c10.0_cwbalanced_selected_on_val	test	12855939	no	yes	0.7937499284744263	0.0001924950338434428	0.20605763792991638
pubmedqa	microsoft/BiomedNLP-BiomedBERT-base-uncased-abstract-fulltext	frozen_mean_zscore_lr_c10.0_cwbalanced_selected_on_val	test	12947068	yes	maybe	0.3149760067462921	0.01979181170463562	0.6652321219444275
pubmedqa	microsoft/BiomedNLP-BiomedBERT-base-uncased-abstract-fulltext	frozen_mean_zscore_lr_c10.0_cwbalanced_selected_on_val	test	12963175	yes	no	0.2975727915763855	0.7013043165206909	0.0011229721130803227
pubmedqa	microsoft/BiomedNLP-BiomedBERT-base-uncased-abstract-fulltext	frozen_mean_zscore_lr_c10.0_cwbalanced_selected_on_val	test	14697414	yes	maybe	0.02633933164179325	0.0004004307265859097	0.9732602834701538
pubmedqa	microsoft/BiomedNLP-BiomedBERT-base-uncased-abstract-fulltext	frozen_mean_zscore_lr_c10.0_cwbalanced_selected_on_val	test	15052394	no	no	0.18203473091125488	0.817963719367981	1.536614263386582e-06
pubmedqa	microsoft/BiomedNLP-BiomedBERT-base-uncased-abstract-fulltext	frozen_mean_zscore_lr_c10.0_cwbalanced_selected_on_val	test	15222284	yes	yes	0.5267824530601501	0.47321680188179016	8.000064894986281e-07
pubmedqa	microsoft/BiomedNLP-BiomedBERT-base-uncased-abstract-fulltext	frozen_mean_zscore_lr_c10.0_cwbalanced_selected_on_val	test	15466981	yes	no	0.4033048450946808	0.5966439247131348	5.120886999065988e-05
pubmedqa	microsoft/BiomedNLP-BiomedBERT-base-uncased-abstract-fulltext	frozen_mean_zscore_lr_c10.0_cwbalanced_selected_on_val	test	15488260	yes	yes	0.9996862411499023	7.477291364921257e-05	0.00023898757353890687
pubmedqa	microsoft/BiomedNLP-BiomedBERT-base-uncased-abstract-fulltext	frozen_mean_zscore_lr_c10.0_cwbalanced_selected_on_val	test	15597845	yes	yes	0.8063302040100098	0.1883751004934311	0.005294642876833677
pubmedqa	microsoft/BiomedNLP-BiomedBERT-base-uncased-abstract-fulltext	frozen_mean_zscore_lr_c10.0_cwbalanced_selected_on_val	test	15631914	no	maybe	0.038610827177762985	0.09653908014297485	0.8648501634597778
pubmedqa	microsoft/BiomedNLP-BiomedBERT-base-uncased-abstract-fulltext	frozen_mean_zscore_lr_c10.0_cwbalanced_selected_on_val	test	15670262	yes	maybe	0.39112696051597595	0.015446477569639683	0.5934264659881592
pubmedqa	microsoft/BiomedNLP-BiomedBERT-base-uncased-abstract-fulltext	frozen_mean_zscore_lr_c10.0_cwbalanced_selected_on_val	test	15708048	yes	yes	0.999987006187439	1.1452912076492794e-05	1.5091576415215968e-06
pubmedqa	microsoft/BiomedNLP-BiomedBERT-base-uncased-abstract-fulltext	frozen_mean_zscore_lr_c10.0_cwbalanced_selected_on_val	test	16097998	yes	maybe	5.65743994229706e-06	0.014256461523473263	0.9857379198074341
pubmedqa	microsoft/BiomedNLP-BiomedBERT-base-uncased-abstract-fulltext	frozen_mean_zscore_lr_c10.0_cwbalanced_selected_on_val	test	16241924	no	no	0.46523627638816833	0.5347633361816406	3.8215546283026924e-07
pubmedqa	microsoft/BiomedNLP-BiomedBERT-base-uncased-abstract-fulltext	frozen_mean_zscore_lr_c10.0_cwbalanced_selected_on_val	test	16266387	yes	yes	0.8048918843269348	0.009930342435836792	0.1851777881383896
pubmedqa	microsoft/BiomedNLP-BiomedBERT-base-uncased-abstract-fulltext	frozen_mean_zscore_lr_c10.0_cwbalanced_selected_on_val	test	16392897	maybe	maybe	0.0126374876126647	4.639696726371767e-06	0.9873579740524292
pubmedqa	microsoft/BiomedNLP-BiomedBERT-base-uncased-abstract-fulltext	frozen_mean_zscore_lr_c10.0_cwbalanced_selected_on_val	test	16403186	no	yes	0.9897568821907043	0.010197765193879604	4.5350378059083596e-05
pubmedqa	microsoft/BiomedNLP-BiomedBERT-base-uncased-abstract-fulltext	frozen_mean_zscore_lr_c10.0_cwbalanced_selected_on_val	test	16465002	yes	yes	0.9984777569770813	0.00010367207869421691	0.0014185559703037143
pubmedqa	microsoft/BiomedNLP-BiomedBERT-base-uncased-abstract-fulltext	frozen_mean_zscore_lr_c10.0_cwbalanced_selected_on_val	test	16872243	no	yes	0.9942521452903748	0.004650798160582781	0.0010970509611070156
pubmedqa	microsoft/BiomedNLP-BiomedBERT-base-uncased-abstract-fulltext	frozen_mean_zscore_lr_c10.0_cwbalanced_selected_on_val	test	16971978	yes	yes	0.9596858024597168	0.03858790174126625	0.0017262708861380816
pubmedqa	microsoft/BiomedNLP-BiomedBERT-base-uncased-abstract-fulltext	frozen_mean_zscore_lr_c10.0_cwbalanced_selected_on_val	test	17105833	maybe	yes	0.9828242063522339	0.0012002126313745975	0.015975594520568848
pubmedqa	microsoft/BiomedNLP-BiomedBERT-base-uncased-abstract-fulltext	frozen_mean_zscore_lr_c10.0_cwbalanced_selected_on_val	test	17276182	yes	maybe	0.46791836619377136	0.0004927491536363959	0.5315888524055481
pubmedqa	microsoft/BiomedNLP-BiomedBERT-base-uncased-abstract-fulltext	frozen_mean_zscore_lr_c10.0_cwbalanced_selected_on_val	test	17295865	yes	maybe	0.02570849470794201	0.020286675542593002	0.9540047645568848
pubmedqa	microsoft/BiomedNLP-BiomedBERT-base-uncased-abstract-fulltext	frozen_mean_zscore_lr_c10.0_cwbalanced_selected_on_val	test	17323047	no	maybe	0.47294214367866516	0.00016410161333624274	0.5268937349319458
pubmedqa	microsoft/BiomedNLP-BiomedBERT-base-uncased-abstract-fulltext	frozen_mean_zscore_lr_c10.0_cwbalanced_selected_on_val	test	17329379	yes	maybe	0.07158291339874268	0.004163079429417849	0.9242540001869202
pubmedqa	microsoft/BiomedNLP-BiomedBERT-base-uncased-abstract-fulltext	frozen_mean_zscore_lr_c10.0_cwbalanced_selected_on_val	test	17403428	no	no	0.3919137120246887	0.5602197051048279	0.04786660894751549
pubmedqa	microsoft/BiomedNLP-BiomedBERT-base-uncased-abstract-fulltext	frozen_mean_zscore_lr_c10.0_cwbalanced_selected_on_val	test	17453263	yes	yes	0.9867673516273499	0.01008900348097086	0.0031436339486390352
pubmedqa	microsoft/BiomedNLP-BiomedBERT-base-uncased-abstract-fulltext	frozen_mean_zscore_lr_c10.0_cwbalanced_selected_on_val	test	17565137	yes	yes	0.4753040075302124	0.37061184644699097	0.15408407151699066
pubmedqa	microsoft/BiomedNLP-BiomedBERT-base-uncased-abstract-fulltext	frozen_mean_zscore_lr_c10.0_cwbalanced_selected_on_val	test	17601244	yes	maybe	0.000506982090882957	0.0022140564396977425	0.9972789883613586
pubmedqa	microsoft/BiomedNLP-BiomedBERT-base-uncased-abstract-fulltext	frozen_mean_zscore_lr_c10.0_cwbalanced_selected_on_val	test	17606778	yes	yes	0.9808635711669922	0.017817959189414978	0.0013184945564717054
pubmedqa	microsoft/BiomedNLP-BiomedBERT-base-uncased-abstract-fulltext	frozen_mean_zscore_lr_c10.0_cwbalanced_selected_on_val	test	17704864	yes	no	0.02453545667231083	0.9727301597595215	0.002734383102506399
pubmedqa	microsoft/BiomedNLP-BiomedBERT-base-uncased-abstract-fulltext	frozen_mean_zscore_lr_c10.0_cwbalanced_selected_on_val	test	17894828	yes	no	0.4458601772785187	0.5368978381156921	0.01724204048514366
pubmedqa	microsoft/BiomedNLP-BiomedBERT-base-uncased-abstract-fulltext	frozen_mean_zscore_lr_c10.0_cwbalanced_selected_on_val	test	17910536	yes	yes	0.7582322955131531	0.23624709248542786	0.005520638078451157
pubmedqa	microsoft/BiomedNLP-BiomedBERT-base-uncased-abstract-fulltext	frozen_mean_zscore_lr_c10.0_cwbalanced_selected_on_val	test	17914515	yes	yes	0.9572367072105408	0.038185372948646545	0.004577861167490482
pubmedqa	microsoft/BiomedNLP-BiomedBERT-base-uncased-abstract-fulltext	frozen_mean_zscore_lr_c10.0_cwbalanced_selected_on_val	test	17916877	yes	yes	0.8934401869773865	0.10655969381332397	1.7749572123193502e-07
pubmedqa	microsoft/BiomedNLP-BiomedBERT-base-uncased-abstract-fulltext	frozen_mean_zscore_lr_c10.0_cwbalanced_selected_on_val	test	18096128	no	no	0.159318745136261	0.7399784922599792	0.10070273280143738
pubmedqa	microsoft/BiomedNLP-BiomedBERT-base-uncased-abstract-fulltext	frozen_mean_zscore_lr_c10.0_cwbalanced_selected_on_val	test	18158048	yes	no	0.3963416814804077	0.48579707741737366	0.1178612932562828
pubmedqa	microsoft/BiomedNLP-BiomedBERT-base-uncased-abstract-fulltext	frozen_mean_zscore_lr_c10.0_cwbalanced_selected_on_val	test	18269157	yes	maybe	0.40889886021614075	0.1130400151014328	0.47806110978126526
pubmedqa	microsoft/BiomedNLP-BiomedBERT-base-uncased-abstract-fulltext	frozen_mean_zscore_lr_c10.0_cwbalanced_selected_on_val	test	18388848	yes	maybe	0.02299857884645462	0.007901070639491081	0.9691004157066345
pubmedqa	microsoft/BiomedNLP-BiomedBERT-base-uncased-abstract-fulltext	frozen_mean_zscore_lr_c10.0_cwbalanced_selected_on_val	test	18439500	no	no	0.0068862950429320335	0.982384204864502	0.010729597881436348
pubmedqa	microsoft/BiomedNLP-BiomedBERT-base-uncased-abstract-fulltext	frozen_mean_zscore_lr_c10.0_cwbalanced_selected_on_val	test	18534072	no	no	0.008461082354187965	0.9912103414535522	0.0003286620485596359
pubmedqa	microsoft/BiomedNLP-BiomedBERT-base-uncased-abstract-fulltext	frozen_mean_zscore_lr_c10.0_cwbalanced_selected_on_val	test	18619710	no	yes	0.7951974868774414	0.054248351603746414	0.15055422484874725
pubmedqa	microsoft/BiomedNLP-BiomedBERT-base-uncased-abstract-fulltext	frozen_mean_zscore_lr_c10.0_cwbalanced_selected_on_val	test	18667100	no	yes	0.9976327419281006	0.0022691262420266867	9.810985648073256e-05
pubmedqa	microsoft/BiomedNLP-BiomedBERT-base-uncased-abstract-fulltext	frozen_mean_zscore_lr_c10.0_cwbalanced_selected_on_val	test	18784527	no	yes	0.9236999750137329	0.07630003988742828	1.785555170386033e-08
pubmedqa	microsoft/BiomedNLP-BiomedBERT-base-uncased-abstract-fulltext	frozen_mean_zscore_lr_c10.0_cwbalanced_selected_on_val	test	18801797	no	maybe	0.20417755842208862	0.08779694885015488	0.7080254554748535
pubmedqa	microsoft/BiomedNLP-BiomedBERT-base-uncased-abstract-fulltext	frozen_mean_zscore_lr_c10.0_cwbalanced_selected_on_val	test	18832500	yes	yes	0.9999672174453735	1.2755203897540923e-06	3.1494000722886994e-05
pubmedqa	microsoft/BiomedNLP-BiomedBERT-base-uncased-abstract-fulltext	frozen_mean_zscore_lr_c10.0_cwbalanced_selected_on_val	test	19058191	yes	no	0.1795099526643753	0.8202524781227112	0.0002375684562139213
pubmedqa	microsoft/BiomedNLP-BiomedBERT-base-uncased-abstract-fulltext	frozen_mean_zscore_lr_c10.0_cwbalanced_selected_on_val	test	19198736	no	no	0.3633931577205658	0.6363990306854248	0.00020780213526450098
pubmedqa	microsoft/BiomedNLP-BiomedBERT-base-uncased-abstract-fulltext	frozen_mean_zscore_lr_c10.0_cwbalanced_selected_on_val	test	19309468	yes	yes	0.7270447611808777	0.2729407548904419	1.4479783203569241e-05
pubmedqa	microsoft/BiomedNLP-BiomedBERT-base-uncased-abstract-fulltext	frozen_mean_zscore_lr_c10.0_cwbalanced_selected_on_val	test	19468282	maybe	yes	0.9999945163726807	6.086592341247865e-10	5.516300461749779e-06
pubmedqa	microsoft/BiomedNLP-BiomedBERT-base-uncased-abstract-fulltext	frozen_mean_zscore_lr_c10.0_cwbalanced_selected_on_val	test	19575307	no	no	0.0012038069544360042	0.9919946193695068	0.006801584269851446
pubmedqa	microsoft/BiomedNLP-BiomedBERT-base-uncased-abstract-fulltext	frozen_mean_zscore_lr_c10.0_cwbalanced_selected_on_val	test	19653482	yes	yes	0.9648793339729309	9.318921456724638e-08	0.03512052446603775
pubmedqa	microsoft/BiomedNLP-BiomedBERT-base-uncased-abstract-fulltext	frozen_mean_zscore_lr_c10.0_cwbalanced_selected_on_val	test	19664156	yes	yes	0.9960485100746155	0.0038995458744466305	5.1947943575214595e-05
pubmedqa	microsoft/BiomedNLP-BiomedBERT-base-uncased-abstract-fulltext	frozen_mean_zscore_lr_c10.0_cwbalanced_selected_on_val	test	19683101	no	yes	0.7552078366279602	0.02900625765323639	0.21578586101531982
pubmedqa	microsoft/BiomedNLP-BiomedBERT-base-uncased-abstract-fulltext	frozen_mean_zscore_lr_c10.0_cwbalanced_selected_on_val	test	19712912	no	yes	0.9952482581138611	0.004500826355069876	0.0002509875630494207
pubmedqa	microsoft/BiomedNLP-BiomedBERT-base-uncased-abstract-fulltext	frozen_mean_zscore_lr_c10.0_cwbalanced_selected_on_val	test	19836806	no	no	0.4165070354938507	0.583381712436676	0.0001111966121243313
pubmedqa	microsoft/BiomedNLP-BiomedBERT-base-uncased-abstract-fulltext	frozen_mean_zscore_lr_c10.0_cwbalanced_selected_on_val	test	19931500	yes	yes	0.5900813937187195	0.025017758831381798	0.3849007785320282
pubmedqa	microsoft/BiomedNLP-BiomedBERT-base-uncased-abstract-fulltext	frozen_mean_zscore_lr_c10.0_cwbalanced_selected_on_val	test	20338971	yes	yes	0.9441770315170288	0.055822860449552536	1.0342480294411871e-07
pubmedqa	microsoft/BiomedNLP-BiomedBERT-base-uncased-abstract-fulltext	frozen_mean_zscore_lr_c10.0_cwbalanced_selected_on_val	test	20530150	no	no	0.00012743881961796433	0.6120060086250305	0.3878664970397949
pubmedqa	microsoft/BiomedNLP-BiomedBERT-base-uncased-abstract-fulltext	frozen_mean_zscore_lr_c10.0_cwbalanced_selected_on_val	test	21368683	yes	maybe	0.31837257742881775	0.004266119562089443	0.677361249923706
pubmedqa	microsoft/BiomedNLP-BiomedBERT-base-uncased-abstract-fulltext	frozen_mean_zscore_lr_c10.0_cwbalanced_selected_on_val	test	21739621	yes	yes	0.9862400889396667	0.0023704073391854763	0.011389571242034435
pubmedqa	microsoft/BiomedNLP-BiomedBERT-base-uncased-abstract-fulltext	frozen_mean_zscore_lr_c10.0_cwbalanced_selected_on_val	test	21756515	maybe	yes	0.8102619051933289	2.211712853750214e-05	0.18971601128578186
pubmedqa	microsoft/BiomedNLP-BiomedBERT-base-uncased-abstract-fulltext	frozen_mean_zscore_lr_c10.0_cwbalanced_selected_on_val	test	21848798	yes	yes	0.8548730611801147	0.14447148144245148	0.0006554410792887211
pubmedqa	microsoft/BiomedNLP-BiomedBERT-base-uncased-abstract-fulltext	frozen_mean_zscore_lr_c10.0_cwbalanced_selected_on_val	test	21881325	yes	yes	0.9844967126846313	0.0066233472898602486	0.008879960514605045
pubmedqa	microsoft/BiomedNLP-BiomedBERT-base-uncased-abstract-fulltext	frozen_mean_zscore_lr_c10.0_cwbalanced_selected_on_val	test	22011946	no	yes	0.9864693880081177	0.009602698497474194	0.003927984740585089
pubmedqa	microsoft/BiomedNLP-BiomedBERT-base-uncased-abstract-fulltext	frozen_mean_zscore_lr_c10.0_cwbalanced_selected_on_val	test	22188074	yes	maybe	0.001263854675926268	0.4843238592147827	0.5144122838973999
pubmedqa	microsoft/BiomedNLP-BiomedBERT-base-uncased-abstract-fulltext	frozen_mean_zscore_lr_c10.0_cwbalanced_selected_on_val	test	22236315	no	yes	0.9997441172599792	0.0001330234226770699	0.00012281321687623858
pubmedqa	microsoft/BiomedNLP-BiomedBERT-base-uncased-abstract-fulltext	frozen_mean_zscore_lr_c10.0_cwbalanced_selected_on_val	test	22237146	yes	yes	0.4821208119392395	0.28185534477233887	0.23602387309074402
pubmedqa	microsoft/BiomedNLP-BiomedBERT-base-uncased-abstract-fulltext	frozen_mean_zscore_lr_c10.0_cwbalanced_selected_on_val	test	2224269	yes	no	0.05336860939860344	0.937528133392334	0.009103297255933285
pubmedqa	microsoft/BiomedNLP-BiomedBERT-base-uncased-abstract-fulltext	frozen_mean_zscore_lr_c10.0_cwbalanced_selected_on_val	test	22266735	yes	yes	0.9990363121032715	0.0009498331346549094	1.3863385902368464e-05
pubmedqa	microsoft/BiomedNLP-BiomedBERT-base-uncased-abstract-fulltext	frozen_mean_zscore_lr_c10.0_cwbalanced_selected_on_val	test	22324545	yes	maybe	7.193966303020716e-05	0.47898292541503906	0.520945131778717
pubmedqa	microsoft/BiomedNLP-BiomedBERT-base-uncased-abstract-fulltext	frozen_mean_zscore_lr_c10.0_cwbalanced_selected_on_val	test	22382608	no	no	0.09968826919794083	0.8990655541419983	0.0012461591977626085
pubmedqa	microsoft/BiomedNLP-BiomedBERT-base-uncased-abstract-fulltext	frozen_mean_zscore_lr_c10.0_cwbalanced_selected_on_val	test	22427593	maybe	yes	0.6538590788841248	0.027492616325616837	0.3186483085155487
pubmedqa	microsoft/BiomedNLP-BiomedBERT-base-uncased-abstract-fulltext	frozen_mean_zscore_lr_c10.0_cwbalanced_selected_on_val	test	22449464	yes	yes	1.0	5.587727613942661e-09	2.5185345364775458e-08
pubmedqa	microsoft/BiomedNLP-BiomedBERT-base-uncased-abstract-fulltext	frozen_mean_zscore_lr_c10.0_cwbalanced_selected_on_val	test	22521460	no	yes	0.8829559087753296	0.11700692027807236	3.7224075640551746e-05
pubmedqa	microsoft/BiomedNLP-BiomedBERT-base-uncased-abstract-fulltext	frozen_mean_zscore_lr_c10.0_cwbalanced_selected_on_val	test	22532370	yes	yes	0.9999918937683105	1.9743836219277e-06	6.158300038805464e-06
pubmedqa	microsoft/BiomedNLP-BiomedBERT-base-uncased-abstract-fulltext	frozen_mean_zscore_lr_c10.0_cwbalanced_selected_on_val	test	22617083	yes	no	0.01717923954129219	0.96059650182724	0.022224221378564835
pubmedqa	microsoft/BiomedNLP-BiomedBERT-base-uncased-abstract-fulltext	frozen_mean_zscore_lr_c10.0_cwbalanced_selected_on_val	test	22680064	yes	yes	0.8821194171905518	0.0999869704246521	0.017893658950924873
pubmedqa	microsoft/BiomedNLP-BiomedBERT-base-uncased-abstract-fulltext	frozen_mean_zscore_lr_c10.0_cwbalanced_selected_on_val	test	22954812	maybe	yes	0.61126708984375	7.902013749117032e-05	0.38865387439727783
pubmedqa	microsoft/BiomedNLP-BiomedBERT-base-uncased-abstract-fulltext	frozen_mean_zscore_lr_c10.0_cwbalanced_selected_on_val	test	23002947	no	no	1.838908065110445e-05	0.9999806880950928	9.7508007002034e-07
pubmedqa	microsoft/BiomedNLP-BiomedBERT-base-uncased-abstract-fulltext	frozen_mean_zscore_lr_c10.0_cwbalanced_selected_on_val	test	23096188	yes	maybe	0.004205268807709217	0.017166316509246826	0.978628396987915
pubmedqa	microsoft/BiomedNLP-BiomedBERT-base-uncased-abstract-fulltext	frozen_mean_zscore_lr_c10.0_cwbalanced_selected_on_val	test	23147106	no	yes	0.7047241926193237	9.061197488335893e-06	0.2952667772769928
pubmedqa	microsoft/BiomedNLP-BiomedBERT-base-uncased-abstract-fulltext	frozen_mean_zscore_lr_c10.0_cwbalanced_selected_on_val	test	23264436	yes	maybe	0.44989535212516785	0.0004385829670354724	0.5496661067008972
pubmedqa	microsoft/BiomedNLP-BiomedBERT-base-uncased-abstract-fulltext	frozen_mean_zscore_lr_c10.0_cwbalanced_selected_on_val	test	23347337	yes	no	0.02299499697983265	0.976815938949585	0.00018907197227235883
pubmedqa	microsoft/BiomedNLP-BiomedBERT-base-uncased-abstract-fulltext	frozen_mean_zscore_lr_c10.0_cwbalanced_selected_on_val	test	23588461	yes	no	0.0036229437682777643	0.9194427728652954	0.07693427056074142
pubmedqa	microsoft/BiomedNLP-BiomedBERT-base-uncased-abstract-fulltext	frozen_mean_zscore_lr_c10.0_cwbalanced_selected_on_val	test	23621776	no	yes	0.9894010424613953	0.010541986674070358	5.6949094869196415e-05
pubmedqa	microsoft/BiomedNLP-BiomedBERT-base-uncased-abstract-fulltext	frozen_mean_zscore_lr_c10.0_cwbalanced_selected_on_val	test	23677366	no	no	0.07651635259389877	0.9233890175819397	9.468400821788236e-05
pubmedqa	microsoft/BiomedNLP-BiomedBERT-base-uncased-abstract-fulltext	frozen_mean_zscore_lr_c10.0_cwbalanced_selected_on_val	test	23774337	no	no	0.006878731306642294	0.99058598279953	0.002535315928980708
pubmedqa	microsoft/BiomedNLP-BiomedBERT-base-uncased-abstract-fulltext	frozen_mean_zscore_lr_c10.0_cwbalanced_selected_on_val	test	24139705	yes	no	1.0167017535422929e-05	0.9947667121887207	0.00522308424115181
pubmedqa	microsoft/BiomedNLP-BiomedBERT-base-uncased-abstract-fulltext	frozen_mean_zscore_lr_c10.0_cwbalanced_selected_on_val	test	24183388	maybe	yes	0.9781585931777954	0.015028749592602253	0.0068126521073281765
pubmedqa	microsoft/BiomedNLP-BiomedBERT-base-uncased-abstract-fulltext	frozen_mean_zscore_lr_c10.0_cwbalanced_selected_on_val	test	24235894	no	maybe	0.00022766005713492632	0.00606553303077817	0.9937067627906799
pubmedqa	microsoft/BiomedNLP-BiomedBERT-base-uncased-abstract-fulltext	frozen_mean_zscore_lr_c10.0_cwbalanced_selected_on_val	test	24315783	yes	yes	0.9999815225601196	1.9999024516437203e-06	1.6488911569467746e-05
pubmedqa	microsoft/BiomedNLP-BiomedBERT-base-uncased-abstract-fulltext	frozen_mean_zscore_lr_c10.0_cwbalanced_selected_on_val	test	24434052	maybe	yes	0.9860251545906067	0.012169376946985722	0.0018054858082905412
pubmedqa	microsoft/BiomedNLP-BiomedBERT-base-uncased-abstract-fulltext	frozen_mean_zscore_lr_c10.0_cwbalanced_selected_on_val	test	24446763	no	no	7.0146684265637305e-06	0.9999922513961792	6.603634119528579e-07
pubmedqa	microsoft/BiomedNLP-BiomedBERT-base-uncased-abstract-fulltext	frozen_mean_zscore_lr_c10.0_cwbalanced_selected_on_val	test	24666444	no	yes	0.927401602268219	0.0330081544816494	0.0395902618765831
pubmedqa	microsoft/BiomedNLP-BiomedBERT-base-uncased-abstract-fulltext	frozen_mean_zscore_lr_c10.0_cwbalanced_selected_on_val	test	24669960	no	yes	0.6874282956123352	0.3125685155391693	3.2245961847365834e-06
pubmedqa	microsoft/BiomedNLP-BiomedBERT-base-uncased-abstract-fulltext	frozen_mean_zscore_lr_c10.0_cwbalanced_selected_on_val	test	24866606	yes	yes	0.9991555213928223	0.0007080395007506013	0.0001364498893963173
pubmedqa	microsoft/BiomedNLP-BiomedBERT-base-uncased-abstract-fulltext	frozen_mean_zscore_lr_c10.0_cwbalanced_selected_on_val	test	24995509	maybe	maybe	0.3580322265625	0.18966247141361237	0.4523051977157593
pubmedqa	microsoft/BiomedNLP-BiomedBERT-base-uncased-abstract-fulltext	frozen_mean_zscore_lr_c10.0_cwbalanced_selected_on_val	test	25079920	maybe	no	0.3774326741695404	0.5554571151733398	0.06711025536060333
pubmedqa	microsoft/BiomedNLP-BiomedBERT-base-uncased-abstract-fulltext	frozen_mean_zscore_lr_c10.0_cwbalanced_selected_on_val	test	25304452	yes	no	0.0008035955834202468	0.9991447925567627	5.158659041626379e-05
pubmedqa	microsoft/BiomedNLP-BiomedBERT-base-uncased-abstract-fulltext	frozen_mean_zscore_lr_c10.0_cwbalanced_selected_on_val	test	25336163	no	yes	0.9733477830886841	0.02665145881474018	7.721653219050495e-07
pubmedqa	microsoft/BiomedNLP-BiomedBERT-base-uncased-abstract-fulltext	frozen_mean_zscore_lr_c10.0_cwbalanced_selected_on_val	test	25432938	yes	yes	0.999993085861206	6.664817192358896e-06	2.7795559276455606e-07
pubmedqa	microsoft/BiomedNLP-BiomedBERT-base-uncased-abstract-fulltext	frozen_mean_zscore_lr_c10.0_cwbalanced_selected_on_val	test	25480629	maybe	yes	0.5985692739486694	0.34839966893196106	0.05303105339407921
pubmedqa	microsoft/BiomedNLP-BiomedBERT-base-uncased-abstract-fulltext	frozen_mean_zscore_lr_c10.0_cwbalanced_selected_on_val	test	25489696	yes	maybe	0.27013298869132996	0.1476498246192932	0.5822172164916992
pubmedqa	microsoft/BiomedNLP-BiomedBERT-base-uncased-abstract-fulltext	frozen_mean_zscore_lr_c10.0_cwbalanced_selected_on_val	test	25503376	yes	yes	0.9989948868751526	0.0009741788962855935	3.098140223301016e-05
pubmedqa	microsoft/BiomedNLP-BiomedBERT-base-uncased-abstract-fulltext	frozen_mean_zscore_lr_c10.0_cwbalanced_selected_on_val	test	25588461	yes	maybe	0.2558354139328003	0.000503595860209316	0.7436609268188477
pubmedqa	microsoft/BiomedNLP-BiomedBERT-base-uncased-abstract-fulltext	frozen_mean_zscore_lr_c10.0_cwbalanced_selected_on_val	test	25985014	no	yes	0.9998998641967773	5.0624250434339046e-05	4.953229654347524e-05
pubmedqa	microsoft/BiomedNLP-BiomedBERT-base-uncased-abstract-fulltext	frozen_mean_zscore_lr_c10.0_cwbalanced_selected_on_val	test	26399179	yes	maybe	1.2509335647337139e-05	0.001004182850010693	0.9989833235740662
pubmedqa	microsoft/BiomedNLP-BiomedBERT-base-uncased-abstract-fulltext	frozen_mean_zscore_lr_c10.0_cwbalanced_selected_on_val	test	26418441	yes	yes	0.9997510313987732	0.00022941033239476383	1.9547336705727503e-05
pubmedqa	microsoft/BiomedNLP-BiomedBERT-base-uncased-abstract-fulltext	frozen_mean_zscore_lr_c10.0_cwbalanced_selected_on_val	test	26418796	yes	maybe	0.02873310074210167	0.0005128984339535236	0.9707540273666382
pubmedqa	microsoft/BiomedNLP-BiomedBERT-base-uncased-abstract-fulltext	frozen_mean_zscore_lr_c10.0_cwbalanced_selected_on_val	test	26601554	yes	yes	0.987159252166748	4.6228092287492473e-07	0.012840287759900093
pubmedqa	microsoft/BiomedNLP-BiomedBERT-base-uncased-abstract-fulltext	frozen_mean_zscore_lr_c10.0_cwbalanced_selected_on_val	test	26701174	yes	no	0.006827234756201506	0.9889827370643616	0.004190037027001381
pubmedqa	microsoft/BiomedNLP-BiomedBERT-base-uncased-abstract-fulltext	frozen_mean_zscore_lr_c10.0_cwbalanced_selected_on_val	test	26778755	maybe	no	0.0006018279818817973	0.9991762042045593	0.00022195783094502985
pubmedqa	microsoft/BiomedNLP-BiomedBERT-base-uncased-abstract-fulltext	frozen_mean_zscore_lr_c10.0_cwbalanced_selected_on_val	test	26859535	no	maybe	0.00046622598893009126	0.2878095805644989	0.7117242217063904
pubmedqa	microsoft/BiomedNLP-BiomedBERT-base-uncased-abstract-fulltext	frozen_mean_zscore_lr_c10.0_cwbalanced_selected_on_val	test	27096199	no	yes	0.9993665814399719	4.1284863527835114e-08	0.0006333857891149819
pubmedqa	microsoft/BiomedNLP-BiomedBERT-base-uncased-abstract-fulltext	frozen_mean_zscore_lr_c10.0_cwbalanced_selected_on_val	test	27216167	yes	yes	0.643940806388855	0.3560575246810913	1.6975886865111534e-06
pubmedqa	microsoft/BiomedNLP-BiomedBERT-base-uncased-abstract-fulltext	frozen_mean_zscore_lr_c10.0_cwbalanced_selected_on_val	test	27338535	no	yes	0.9653095006942749	7.335707050515339e-05	0.03461712598800659
pubmedqa	microsoft/BiomedNLP-BiomedBERT-base-uncased-abstract-fulltext	frozen_mean_zscore_lr_c10.0_cwbalanced_selected_on_val	test	27456836	yes	yes	0.9999715089797974	2.097851574944798e-05	7.4916933954227716e-06
pubmedqa	microsoft/BiomedNLP-BiomedBERT-base-uncased-abstract-fulltext	frozen_mean_zscore_lr_c10.0_cwbalanced_selected_on_val	test	27642458	no	yes	0.9999821186065674	1.0847897101484705e-05	7.003508471825626e-06
pubmedqa	microsoft/BiomedNLP-BiomedBERT-base-uncased-abstract-fulltext	frozen_mean_zscore_lr_c10.0_cwbalanced_selected_on_val	test	27818079	yes	no	0.3304445445537567	0.669554591178894	9.012650252770982e-07
pubmedqa	microsoft/BiomedNLP-BiomedBERT-base-uncased-abstract-fulltext	frozen_mean_zscore_lr_c10.0_cwbalanced_selected_on_val	test	27858166	yes	yes	0.9994470477104187	0.00019226923177484423	0.0003606843529269099
pubmedqa	microsoft/BiomedNLP-BiomedBERT-base-uncased-abstract-fulltext	frozen_mean_zscore_lr_c10.0_cwbalanced_selected_on_val	test	27884344	yes	yes	0.9885345101356506	0.01118872407823801	0.0002768180856946856
pubmedqa	microsoft/BiomedNLP-BiomedBERT-base-uncased-abstract-fulltext	frozen_mean_zscore_lr_c10.0_cwbalanced_selected_on_val	test	27896825	yes	maybe	0.002754518063738942	0.03433212265372276	0.9629133343696594
pubmedqa	microsoft/BiomedNLP-BiomedBERT-base-uncased-abstract-fulltext	frozen_mean_zscore_lr_c10.0_cwbalanced_selected_on_val	test	28056802	yes	yes	0.9997814297676086	0.0002098860713886097	8.736357813177165e-06
pubmedqa	microsoft/BiomedNLP-BiomedBERT-base-uncased-abstract-fulltext	frozen_mean_zscore_lr_c10.0_cwbalanced_selected_on_val	test	28196511	no	yes	0.9999881982803345	1.1759259905375075e-05	4.141124665402174e-10
pubmedqa	microsoft/BiomedNLP-BiomedBERT-base-uncased-abstract-fulltext	frozen_mean_zscore_lr_c10.0_cwbalanced_selected_on_val	test	7664228	no	yes	0.9322835206985474	0.06070626527070999	0.007010150235146284
pubmedqa	microsoft/BiomedNLP-BiomedBERT-base-uncased-abstract-fulltext	frozen_mean_zscore_lr_c10.0_cwbalanced_selected_on_val	test	8017535	yes	yes	0.9869242906570435	0.0017907902365550399	0.011284898035228252
pubmedqa	microsoft/BiomedNLP-BiomedBERT-base-uncased-abstract-fulltext	frozen_mean_zscore_lr_c10.0_cwbalanced_selected_on_val	test	8200238	no	no	0.34437018632888794	0.6554495096206665	0.0001802687911549583
pubmedqa	microsoft/BiomedNLP-BiomedBERT-base-uncased-abstract-fulltext	frozen_mean_zscore_lr_c10.0_cwbalanced_selected_on_val	test	8521557	no	no	0.018696771934628487	0.9813031554222107	8.192624534331117e-08
pubmedqa	microsoft/BiomedNLP-BiomedBERT-base-uncased-abstract-fulltext	frozen_mean_zscore_lr_c10.0_cwbalanced_selected_on_val	test	9142039	yes	no	0.1530221402645111	0.8469722270965576	5.537164724955801e-06
pubmedqa	microsoft/BiomedNLP-BiomedBERT-base-uncased-abstract-fulltext	frozen_mean_zscore_lr_c10.0_cwbalanced_selected_on_val	test	9722752	yes	yes	0.9964080452919006	0.0035756865981966257	1.6263538782368414e-05
pubmedqa	microsoft/BiomedNLP-BiomedBERT-base-uncased-abstract-fulltext	frozen_mean_zscore_lr_c10.0_cwbalanced_selected_on_val	test	9854965	yes	yes	0.7345762252807617	0.10792747139930725	0.15749625861644745
