task	encoder	variant	split	id	truth	prediction	prob_support	prob_contradict	prob_not_enough_info
scifact	microsoft/BiomedNLP-BiomedBERT-base-uncased-abstract-fulltext	frozen_mean_zscore_lr_c1.0_cwnone_selected_on_scifact_inner_val	dev	1:31715818	NOT_ENOUGH_INFO	NOT_ENOUGH_INFO	0.0016299699200317264	5.1365022954996675e-06	0.9983648657798767
scifact	microsoft/BiomedNLP-BiomedBERT-base-uncased-abstract-fulltext	frozen_mean_zscore_lr_c1.0_cwnone_selected_on_scifact_inner_val	dev	3:14717500	SUPPORT	NOT_ENOUGH_INFO	0.0001915354805532843	1.3780325389234349e-05	0.9997946619987488
scifact	microsoft/BiomedNLP-BiomedBERT-base-uncased-abstract-fulltext	frozen_mean_zscore_lr_c1.0_cwnone_selected_on_scifact_inner_val	dev	5:13734012	SUPPORT	CONTRADICT	0.010733405128121376	0.9707964062690735	0.018470142036676407
scifact	microsoft/BiomedNLP-BiomedBERT-base-uncased-abstract-fulltext	frozen_mean_zscore_lr_c1.0_cwnone_selected_on_scifact_inner_val	dev	13:1606628	NOT_ENOUGH_INFO	NOT_ENOUGH_INFO	0.032362762838602066	0.0010506580583751202	0.9665865898132324
scifact	microsoft/BiomedNLP-BiomedBERT-base-uncased-abstract-fulltext	frozen_mean_zscore_lr_c1.0_cwnone_selected_on_scifact_inner_val	dev	36:5152028	NOT_ENOUGH_INFO	NOT_ENOUGH_INFO	0.002946023130789399	0.021115589886903763	0.9759383797645569
scifact	microsoft/BiomedNLP-BiomedBERT-base-uncased-abstract-fulltext	frozen_mean_zscore_lr_c1.0_cwnone_selected_on_scifact_inner_val	dev	36:11705328	NOT_ENOUGH_INFO	NOT_ENOUGH_INFO	0.4244506359100342	0.005298997741192579	0.570250391960144
scifact	microsoft/BiomedNLP-BiomedBERT-base-uncased-abstract-fulltext	frozen_mean_zscore_lr_c1.0_cwnone_selected_on_scifact_inner_val	dev	42:18174210	CONTRADICT	SUPPORT	0.7043820023536682	0.2720203399658203	0.023597611114382744
scifact	microsoft/BiomedNLP-BiomedBERT-base-uncased-abstract-fulltext	frozen_mean_zscore_lr_c1.0_cwnone_selected_on_scifact_inner_val	dev	48:13734012	CONTRADICT	CONTRADICT	0.04751231148838997	0.9437822103500366	0.008705517277121544
scifact	microsoft/BiomedNLP-BiomedBERT-base-uncased-abstract-fulltext	frozen_mean_zscore_lr_c1.0_cwnone_selected_on_scifact_inner_val	dev	49:5953485	SUPPORT	SUPPORT	0.9984857439994812	8.740605039747606e-07	0.0015134529676288366
scifact	microsoft/BiomedNLP-BiomedBERT-base-uncased-abstract-fulltext	frozen_mean_zscore_lr_c1.0_cwnone_selected_on_scifact_inner_val	dev	50:12580014	SUPPORT	SUPPORT	0.7350594997406006	0.002097182208672166	0.2628433406352997
scifact	microsoft/BiomedNLP-BiomedBERT-base-uncased-abstract-fulltext	frozen_mean_zscore_lr_c1.0_cwnone_selected_on_scifact_inner_val	dev	51:45638119	CONTRADICT	SUPPORT	0.8709826469421387	0.12427669018507004	0.004740619100630283
scifact	microsoft/BiomedNLP-BiomedBERT-base-uncased-abstract-fulltext	frozen_mean_zscore_lr_c1.0_cwnone_selected_on_scifact_inner_val	dev	53:45638119	SUPPORT	SUPPORT	0.8903377056121826	0.1034599021077156	0.0062023657374084
scifact	microsoft/BiomedNLP-BiomedBERT-base-uncased-abstract-fulltext	frozen_mean_zscore_lr_c1.0_cwnone_selected_on_scifact_inner_val	dev	54:49556906	CONTRADICT	SUPPORT	0.6161925792694092	0.07640928775072098	0.3073981702327728
scifact	microsoft/BiomedNLP-BiomedBERT-base-uncased-abstract-fulltext	frozen_mean_zscore_lr_c1.0_cwnone_selected_on_scifact_inner_val	dev	56:4709641	SUPPORT	SUPPORT	0.7662712931632996	0.22500315308570862	0.008725596591830254
scifact	microsoft/BiomedNLP-BiomedBERT-base-uncased-abstract-fulltext	frozen_mean_zscore_lr_c1.0_cwnone_selected_on_scifact_inner_val	dev	57:4709641	CONTRADICT	CONTRADICT	0.4424814283847809	0.5533175468444824	0.004201043862849474
scifact	microsoft/BiomedNLP-BiomedBERT-base-uncased-abstract-fulltext	frozen_mean_zscore_lr_c1.0_cwnone_selected_on_scifact_inner_val	dev	70:4414547	SUPPORT	CONTRADICT	0.0010330029763281345	0.967574954032898	0.031391993165016174
scifact	microsoft/BiomedNLP-BiomedBERT-base-uncased-abstract-fulltext	frozen_mean_zscore_lr_c1.0_cwnone_selected_on_scifact_inner_val	dev	70:5956380	SUPPORT	CONTRADICT	0.07323341816663742	0.8962571024894714	0.030509579926729202
scifact	microsoft/BiomedNLP-BiomedBERT-base-uncased-abstract-fulltext	frozen_mean_zscore_lr_c1.0_cwnone_selected_on_scifact_inner_val	dev	72:6076903	NOT_ENOUGH_INFO	NOT_ENOUGH_INFO	0.09841705113649368	0.017880626022815704	0.8837023377418518
scifact	microsoft/BiomedNLP-BiomedBERT-base-uncased-abstract-fulltext	frozen_mean_zscore_lr_c1.0_cwnone_selected_on_scifact_inner_val	dev	75:4387784	NOT_ENOUGH_INFO	NOT_ENOUGH_INFO	0.006911865901201963	0.0005022375844419003	0.9925858378410339
scifact	microsoft/BiomedNLP-BiomedBERT-base-uncased-abstract-fulltext	frozen_mean_zscore_lr_c1.0_cwnone_selected_on_scifact_inner_val	dev	94:1215116	NOT_ENOUGH_INFO	NOT_ENOUGH_INFO	0.0025149076245725155	0.0001896101894089952	0.9972954392433167
scifact	microsoft/BiomedNLP-BiomedBERT-base-uncased-abstract-fulltext	frozen_mean_zscore_lr_c1.0_cwnone_selected_on_scifact_inner_val	dev	99:18810195	NOT_ENOUGH_INFO	NOT_ENOUGH_INFO	0.04363764077425003	0.01827067695558071	0.9380916953086853
scifact	microsoft/BiomedNLP-BiomedBERT-base-uncased-abstract-fulltext	frozen_mean_zscore_lr_c1.0_cwnone_selected_on_scifact_inner_val	dev	100:4381486	SUPPORT	CONTRADICT	1.5374764188891277e-05	0.9868705868721008	0.013114032335579395
scifact	microsoft/BiomedNLP-BiomedBERT-base-uncased-abstract-fulltext	frozen_mean_zscore_lr_c1.0_cwnone_selected_on_scifact_inner_val	dev	113:6157837	SUPPORT	CONTRADICT	0.030135320499539375	0.9063084721565247	0.06355629116296768
scifact	microsoft/BiomedNLP-BiomedBERT-base-uncased-abstract-fulltext	frozen_mean_zscore_lr_c1.0_cwnone_selected_on_scifact_inner_val	dev	115:33872649	CONTRADICT	SUPPORT	0.9910741448402405	1.425467985427531e-06	0.008924409747123718
scifact	microsoft/BiomedNLP-BiomedBERT-base-uncased-abstract-fulltext	frozen_mean_zscore_lr_c1.0_cwnone_selected_on_scifact_inner_val	dev	118:6372244	SUPPORT	SUPPORT	0.9112666845321655	0.08871143311262131	2.1878615370951593e-05
scifact	microsoft/BiomedNLP-BiomedBERT-base-uncased-abstract-fulltext	frozen_mean_zscore_lr_c1.0_cwnone_selected_on_scifact_inner_val	dev	124:4883040	SUPPORT	CONTRADICT	0.31396111845970154	0.604701578617096	0.08133731782436371
scifact	microsoft/BiomedNLP-BiomedBERT-base-uncased-abstract-fulltext	frozen_mean_zscore_lr_c1.0_cwnone_selected_on_scifact_inner_val	dev	127:21598000	NOT_ENOUGH_INFO	CONTRADICT	0.00507702212780714	0.9948934316635132	2.9556067602243274e-05
scifact	microsoft/BiomedNLP-BiomedBERT-base-uncased-abstract-fulltext	frozen_mean_zscore_lr_c1.0_cwnone_selected_on_scifact_inner_val	dev	128:8290953	NOT_ENOUGH_INFO	NOT_ENOUGH_INFO	0.426291286945343	0.0016053826548159122	0.5721033215522766
scifact	microsoft/BiomedNLP-BiomedBERT-base-uncased-abstract-fulltext	frozen_mean_zscore_lr_c1.0_cwnone_selected_on_scifact_inner_val	dev	129:27768226	CONTRADICT	CONTRADICT	7.245204869832378e-06	0.9997454285621643	0.0002473466156516224
scifact	microsoft/BiomedNLP-BiomedBERT-base-uncased-abstract-fulltext	frozen_mean_zscore_lr_c1.0_cwnone_selected_on_scifact_inner_val	dev	130:27768226	SUPPORT	CONTRADICT	3.6680699849966913e-05	0.9996899366378784	0.0002733316505327821
scifact	microsoft/BiomedNLP-BiomedBERT-base-uncased-abstract-fulltext	frozen_mean_zscore_lr_c1.0_cwnone_selected_on_scifact_inner_val	dev	132:7975937	NOT_ENOUGH_INFO	NOT_ENOUGH_INFO	0.0009371396736241877	0.0004019091429654509	0.9986609220504761
scifact	microsoft/BiomedNLP-BiomedBERT-base-uncased-abstract-fulltext	frozen_mean_zscore_lr_c1.0_cwnone_selected_on_scifact_inner_val	dev	133:6969753	NOT_ENOUGH_INFO	NOT_ENOUGH_INFO	0.14076904952526093	1.587289943927317e-06	0.8592294454574585
scifact	microsoft/BiomedNLP-BiomedBERT-base-uncased-abstract-fulltext	frozen_mean_zscore_lr_c1.0_cwnone_selected_on_scifact_inner_val	dev	133:12640810	NOT_ENOUGH_INFO	SUPPORT	0.873390257358551	0.020428594201803207	0.1061810776591301
scifact	microsoft/BiomedNLP-BiomedBERT-base-uncased-abstract-fulltext	frozen_mean_zscore_lr_c1.0_cwnone_selected_on_scifact_inner_val	dev	133:16280642	SUPPORT	SUPPORT	0.9319989085197449	0.017577629536390305	0.050423458218574524
scifact	microsoft/BiomedNLP-BiomedBERT-base-uncased-abstract-fulltext	frozen_mean_zscore_lr_c1.0_cwnone_selected_on_scifact_inner_val	dev	133:17934082	NOT_ENOUGH_INFO	SUPPORT	0.9745073318481445	4.1576054172765e-06	0.025488507002592087
scifact	microsoft/BiomedNLP-BiomedBERT-base-uncased-abstract-fulltext	frozen_mean_zscore_lr_c1.0_cwnone_selected_on_scifact_inner_val	dev	133:38485364	NOT_ENOUGH_INFO	CONTRADICT	0.05244307219982147	0.8170138597488403	0.1305430829524994
scifact	microsoft/BiomedNLP-BiomedBERT-base-uncased-abstract-fulltext	frozen_mean_zscore_lr_c1.0_cwnone_selected_on_scifact_inner_val	dev	137:26016929	SUPPORT	CONTRADICT	0.00965539924800396	0.9751110076904297	0.01523355208337307
scifact	microsoft/BiomedNLP-BiomedBERT-base-uncased-abstract-fulltext	frozen_mean_zscore_lr_c1.0_cwnone_selected_on_scifact_inner_val	dev	141:6955746	NOT_ENOUGH_INFO	NOT_ENOUGH_INFO	0.0007268323097378016	0.003359526162967086	0.9959136843681335
scifact	microsoft/BiomedNLP-BiomedBERT-base-uncased-abstract-fulltext	frozen_mean_zscore_lr_c1.0_cwnone_selected_on_scifact_inner_val	dev	141:14437255	SUPPORT	NOT_ENOUGH_INFO	5.954907010163879e-06	0.3745065927505493	0.6254873871803284
scifact	microsoft/BiomedNLP-BiomedBERT-base-uncased-abstract-fulltext	frozen_mean_zscore_lr_c1.0_cwnone_selected_on_scifact_inner_val	dev	142:10582939	CONTRADICT	SUPPORT	0.7053554654121399	0.21129965782165527	0.08334481716156006
scifact	microsoft/BiomedNLP-BiomedBERT-base-uncased-abstract-fulltext	frozen_mean_zscore_lr_c1.0_cwnone_selected_on_scifact_inner_val	dev	143:10582939	SUPPORT	SUPPORT	0.7772311568260193	0.1758919060230255	0.04687685891985893
scifact	microsoft/BiomedNLP-BiomedBERT-base-uncased-abstract-fulltext	frozen_mean_zscore_lr_c1.0_cwnone_selected_on_scifact_inner_val	dev	146:10582939	SUPPORT	SUPPORT	0.8238821029663086	0.1415829360485077	0.03453488275408745
scifact	microsoft/BiomedNLP-BiomedBERT-base-uncased-abstract-fulltext	frozen_mean_zscore_lr_c1.0_cwnone_selected_on_scifact_inner_val	dev	148:1084345	SUPPORT	SUPPORT	0.687099814414978	4.954060568707064e-05	0.3128506541252136
scifact	microsoft/BiomedNLP-BiomedBERT-base-uncased-abstract-fulltext	frozen_mean_zscore_lr_c1.0_cwnone_selected_on_scifact_inner_val	dev	163:18872233	SUPPORT	SUPPORT	0.7280091643333435	0.2610015869140625	0.010989208705723286
scifact	microsoft/BiomedNLP-BiomedBERT-base-uncased-abstract-fulltext	frozen_mean_zscore_lr_c1.0_cwnone_selected_on_scifact_inner_val	dev	171:12670680	CONTRADICT	CONTRADICT	0.23522904515266418	0.6812610030174255	0.0835098922252655
scifact	microsoft/BiomedNLP-BiomedBERT-base-uncased-abstract-fulltext	frozen_mean_zscore_lr_c1.0_cwnone_selected_on_scifact_inner_val	dev	179:16322674	SUPPORT	CONTRADICT	0.0176117941737175	0.9624608755111694	0.019927294924855232
scifact	microsoft/BiomedNLP-BiomedBERT-base-uncased-abstract-fulltext	frozen_mean_zscore_lr_c1.0_cwnone_selected_on_scifact_inner_val	dev	179:17450673	SUPPORT	CONTRADICT	0.010189115069806576	0.9898108243942261	8.01896078428399e-08
scifact	microsoft/BiomedNLP-BiomedBERT-base-uncased-abstract-fulltext	frozen_mean_zscore_lr_c1.0_cwnone_selected_on_scifact_inner_val	dev	179:23557241	SUPPORT	CONTRADICT	0.028961146250367165	0.9710303544998169	8.485843864036724e-06
scifact	microsoft/BiomedNLP-BiomedBERT-base-uncased-abstract-fulltext	frozen_mean_zscore_lr_c1.0_cwnone_selected_on_scifact_inner_val	dev	179:27123743	SUPPORT	CONTRADICT	0.12527552247047424	0.8435282111167908	0.031196223571896553
scifact	microsoft/BiomedNLP-BiomedBERT-base-uncased-abstract-fulltext	frozen_mean_zscore_lr_c1.0_cwnone_selected_on_scifact_inner_val	dev	180:16966326	CONTRADICT	SUPPORT	0.9555580615997314	0.04412733390927315	0.00031460585887543857
scifact	microsoft/BiomedNLP-BiomedBERT-base-uncased-abstract-fulltext	frozen_mean_zscore_lr_c1.0_cwnone_selected_on_scifact_inner_val	dev	183:12827098	CONTRADICT	SUPPORT	0.9896866679191589	0.004161549732089043	0.0061517502181231976
scifact	microsoft/BiomedNLP-BiomedBERT-base-uncased-abstract-fulltext	frozen_mean_zscore_lr_c1.0_cwnone_selected_on_scifact_inner_val	dev	185:18340282	CONTRADICT	SUPPORT	0.9208608865737915	0.06771083176136017	0.011428330093622208
scifact	microsoft/BiomedNLP-BiomedBERT-base-uncased-abstract-fulltext	frozen_mean_zscore_lr_c1.0_cwnone_selected_on_scifact_inner_val	dev	198:2177022	NOT_ENOUGH_INFO	NOT_ENOUGH_INFO	0.12571516633033752	0.08054052293300629	0.7937443852424622
scifact	microsoft/BiomedNLP-BiomedBERT-base-uncased-abstract-fulltext	frozen_mean_zscore_lr_c1.0_cwnone_selected_on_scifact_inner_val	dev	208:13519661	SUPPORT	SUPPORT	0.8430807590484619	0.15574663877487183	0.0011726066004484892
scifact	microsoft/BiomedNLP-BiomedBERT-base-uncased-abstract-fulltext	frozen_mean_zscore_lr_c1.0_cwnone_selected_on_scifact_inner_val	dev	212:22038539	CONTRADICT	SUPPORT	0.996510922908783	2.6359643015894108e-05	0.003462749533355236
scifact	microsoft/BiomedNLP-BiomedBERT-base-uncased-abstract-fulltext	frozen_mean_zscore_lr_c1.0_cwnone_selected_on_scifact_inner_val	dev	213:13625993	NOT_ENOUGH_INFO	NOT_ENOUGH_INFO	1.2743907063850202e-05	0.03234725072979927	0.9676400423049927
scifact	microsoft/BiomedNLP-BiomedBERT-base-uncased-abstract-fulltext	frozen_mean_zscore_lr_c1.0_cwnone_selected_on_scifact_inner_val	dev	216:21366394	CONTRADICT	SUPPORT	0.9517413973808289	0.0008399564540013671	0.04741867259144783
scifact	microsoft/BiomedNLP-BiomedBERT-base-uncased-abstract-fulltext	frozen_mean_zscore_lr_c1.0_cwnone_selected_on_scifact_inner_val	dev	217:21366394	SUPPORT	SUPPORT	0.9812328815460205	0.00013428473903331906	0.018632881343364716
scifact	microsoft/BiomedNLP-BiomedBERT-base-uncased-abstract-fulltext	frozen_mean_zscore_lr_c1.0_cwnone_selected_on_scifact_inner_val	dev	218:21366394	SUPPORT	SUPPORT	0.9876201748847961	0.00017156479589175433	0.01220820564776659
scifact	microsoft/BiomedNLP-BiomedBERT-base-uncased-abstract-fulltext	frozen_mean_zscore_lr_c1.0_cwnone_selected_on_scifact_inner_val	dev	219:21366394	CONTRADICT	SUPPORT	0.9800410270690918	0.0003057714784517884	0.019653180614113808
scifact	microsoft/BiomedNLP-BiomedBERT-base-uncased-abstract-fulltext	frozen_mean_zscore_lr_c1.0_cwnone_selected_on_scifact_inner_val	dev	230:3067015	SUPPORT	CONTRADICT	0.009292817674577236	0.9896554946899414	0.001051640254445374
scifact	microsoft/BiomedNLP-BiomedBERT-base-uncased-abstract-fulltext	frozen_mean_zscore_lr_c1.0_cwnone_selected_on_scifact_inner_val	dev	232:10536636	NOT_ENOUGH_INFO	NOT_ENOUGH_INFO	3.694909992191242e-06	2.3843675922563534e-09	0.9999963045120239
scifact	microsoft/BiomedNLP-BiomedBERT-base-uncased-abstract-fulltext	frozen_mean_zscore_lr_c1.0_cwnone_selected_on_scifact_inner_val	dev	233:4388470	CONTRADICT	SUPPORT	0.6029711961746216	0.33576393127441406	0.06126489117741585
scifact	microsoft/BiomedNLP-BiomedBERT-base-uncased-abstract-fulltext	frozen_mean_zscore_lr_c1.0_cwnone_selected_on_scifact_inner_val	dev	236:4388470	SUPPORT	SUPPORT	0.8704710006713867	0.03162265196442604	0.09790639579296112
scifact	microsoft/BiomedNLP-BiomedBERT-base-uncased-abstract-fulltext	frozen_mean_zscore_lr_c1.0_cwnone_selected_on_scifact_inner_val	dev	237:4942718	NOT_ENOUGH_INFO	NOT_ENOUGH_INFO	0.004070438910275698	0.06968975067138672	0.9262398481369019
scifact	microsoft/BiomedNLP-BiomedBERT-base-uncased-abstract-fulltext	frozen_mean_zscore_lr_c1.0_cwnone_selected_on_scifact_inner_val	dev	238:2251426	NOT_ENOUGH_INFO	NOT_ENOUGH_INFO	0.0002841757086571306	1.2703584388873423e-06	0.9997144341468811
scifact	microsoft/BiomedNLP-BiomedBERT-base-uncased-abstract-fulltext	frozen_mean_zscore_lr_c1.0_cwnone_selected_on_scifact_inner_val	dev	239:14079881	SUPPORT	CONTRADICT	0.009760843589901924	0.9841735363006592	0.00606558658182621
scifact	microsoft/BiomedNLP-BiomedBERT-base-uncased-abstract-fulltext	frozen_mean_zscore_lr_c1.0_cwnone_selected_on_scifact_inner_val	dev	248:1568684	SUPPORT	SUPPORT	0.9089365601539612	0.04885842278599739	0.04220505431294441
scifact	microsoft/BiomedNLP-BiomedBERT-base-uncased-abstract-fulltext	frozen_mean_zscore_lr_c1.0_cwnone_selected_on_scifact_inner_val	dev	249:1568684	CONTRADICT	SUPPORT	0.5592264533042908	0.25787803530693054	0.18289552628993988
scifact	microsoft/BiomedNLP-BiomedBERT-base-uncased-abstract-fulltext	frozen_mean_zscore_lr_c1.0_cwnone_selected_on_scifact_inner_val	dev	261:1122279	SUPPORT	CONTRADICT	0.023080656304955482	0.9692180156707764	0.0077013056725263596
scifact	microsoft/BiomedNLP-BiomedBERT-base-uncased-abstract-fulltext	frozen_mean_zscore_lr_c1.0_cwnone_selected_on_scifact_inner_val	dev	261:10697096	SUPPORT	CONTRADICT	0.0016741580329835415	0.9901461005210876	0.008179676719009876
scifact	microsoft/BiomedNLP-BiomedBERT-base-uncased-abstract-fulltext	frozen_mean_zscore_lr_c1.0_cwnone_selected_on_scifact_inner_val	dev	268:970012	NOT_ENOUGH_INFO	NOT_ENOUGH_INFO	0.13760973513126373	0.00021176815789658576	0.8621785640716553
scifact	microsoft/BiomedNLP-BiomedBERT-base-uncased-abstract-fulltext	frozen_mean_zscore_lr_c1.0_cwnone_selected_on_scifact_inner_val	dev	269:970012	NOT_ENOUGH_INFO	NOT_ENOUGH_INFO	0.0848231390118599	0.0002840235538315028	0.914892852306366
scifact	microsoft/BiomedNLP-BiomedBERT-base-uncased-abstract-fulltext	frozen_mean_zscore_lr_c1.0_cwnone_selected_on_scifact_inner_val	dev	274:11614737	CONTRADICT	SUPPORT	0.856594979763031	0.14337551593780518	2.9517537768697366e-05
scifact	microsoft/BiomedNLP-BiomedBERT-base-uncased-abstract-fulltext	frozen_mean_zscore_lr_c1.0_cwnone_selected_on_scifact_inner_val	dev	275:4961038	SUPPORT	SUPPORT	0.9995787739753723	0.00019886465452145785	0.00022233797062654048
scifact	microsoft/BiomedNLP-BiomedBERT-base-uncased-abstract-fulltext	frozen_mean_zscore_lr_c1.0_cwnone_selected_on_scifact_inner_val	dev	275:14241418	SUPPORT	CONTRADICT	0.4723968505859375	0.5274953246116638	0.00010782804019981995
scifact	microsoft/BiomedNLP-BiomedBERT-base-uncased-abstract-fulltext	frozen_mean_zscore_lr_c1.0_cwnone_selected_on_scifact_inner_val	dev	275:14819804	NOT_ENOUGH_INFO	CONTRADICT	0.11511969566345215	0.5693891048431396	0.3154911696910858
scifact	microsoft/BiomedNLP-BiomedBERT-base-uncased-abstract-fulltext	frozen_mean_zscore_lr_c1.0_cwnone_selected_on_scifact_inner_val	dev	279:14376683	SUPPORT	CONTRADICT	0.2602662742137909	0.7051702737808228	0.03456343710422516
scifact	microsoft/BiomedNLP-BiomedBERT-base-uncased-abstract-fulltext	frozen_mean_zscore_lr_c1.0_cwnone_selected_on_scifact_inner_val	dev	294:10874408	NOT_ENOUGH_INFO	NOT_ENOUGH_INFO	0.08294545859098434	0.020133325830101967	0.8969212174415588
scifact	microsoft/BiomedNLP-BiomedBERT-base-uncased-abstract-fulltext	frozen_mean_zscore_lr_c1.0_cwnone_selected_on_scifact_inner_val	dev	295:20310709	SUPPORT	SUPPORT	0.9966822266578674	0.00320240156725049	0.00011530102347023785
scifact	microsoft/BiomedNLP-BiomedBERT-base-uncased-abstract-fulltext	frozen_mean_zscore_lr_c1.0_cwnone_selected_on_scifact_inner_val	dev	298:39381118	SUPPORT	CONTRADICT	0.1604311168193817	0.7742950320243835	0.06527388095855713
scifact	microsoft/BiomedNLP-BiomedBERT-base-uncased-abstract-fulltext	frozen_mean_zscore_lr_c1.0_cwnone_selected_on_scifact_inner_val	dev	300:3553087	NOT_ENOUGH_INFO	NOT_ENOUGH_INFO	0.0024049740750342607	0.04497775062918663	0.9526172876358032
scifact	microsoft/BiomedNLP-BiomedBERT-base-uncased-abstract-fulltext	frozen_mean_zscore_lr_c1.0_cwnone_selected_on_scifact_inner_val	dev	303:4388470	NOT_ENOUGH_INFO	SUPPORT	0.8874441981315613	0.06967393308877945	0.042881909757852554
scifact	microsoft/BiomedNLP-BiomedBERT-base-uncased-abstract-fulltext	frozen_mean_zscore_lr_c1.0_cwnone_selected_on_scifact_inner_val	dev	312:6173523	NOT_ENOUGH_INFO	NOT_ENOUGH_INFO	0.045818667858839035	0.005619333125650883	0.94856196641922
scifact	microsoft/BiomedNLP-BiomedBERT-base-uncased-abstract-fulltext	frozen_mean_zscore_lr_c1.0_cwnone_selected_on_scifact_inner_val	dev	314:4347374	SUPPORT	SUPPORT	0.9621429443359375	0.020135177299380302	0.017721908167004585
scifact	microsoft/BiomedNLP-BiomedBERT-base-uncased-abstract-fulltext	frozen_mean_zscore_lr_c1.0_cwnone_selected_on_scifact_inner_val	dev	324:2014909	NOT_ENOUGH_INFO	NOT_ENOUGH_INFO	0.4919379949569702	0.013435603119432926	0.49462637305259705
scifact	microsoft/BiomedNLP-BiomedBERT-base-uncased-abstract-fulltext	frozen_mean_zscore_lr_c1.0_cwnone_selected_on_scifact_inner_val	dev	327:17997584	SUPPORT	SUPPORT	1.0	3.3995886661308816e-10	1.1876281069689298e-09
scifact	microsoft/BiomedNLP-BiomedBERT-base-uncased-abstract-fulltext	frozen_mean_zscore_lr_c1.0_cwnone_selected_on_scifact_inner_val	dev	338:23349986	CONTRADICT	SUPPORT	0.9580243825912476	0.04175407439470291	0.00022154059843160212
scifact	microsoft/BiomedNLP-BiomedBERT-base-uncased-abstract-fulltext	frozen_mean_zscore_lr_c1.0_cwnone_selected_on_scifact_inner_val	dev	343:5884524	SUPPORT	CONTRADICT	0.17690487205982208	0.8230417966842651	5.3421517804963514e-05
scifact	microsoft/BiomedNLP-BiomedBERT-base-uncased-abstract-fulltext	frozen_mean_zscore_lr_c1.0_cwnone_selected_on_scifact_inner_val	dev	343:7873737	NOT_ENOUGH_INFO	NOT_ENOUGH_INFO	0.047669388353824615	0.0029629606287926435	0.9493675827980042
scifact	microsoft/BiomedNLP-BiomedBERT-base-uncased-abstract-fulltext	frozen_mean_zscore_lr_c1.0_cwnone_selected_on_scifact_inner_val	dev	350:16927286	NOT_ENOUGH_INFO	SUPPORT	0.9985646605491638	0.001417065504938364	1.828401946113445e-05
scifact	microsoft/BiomedNLP-BiomedBERT-base-uncased-abstract-fulltext	frozen_mean_zscore_lr_c1.0_cwnone_selected_on_scifact_inner_val	dev	354:8774475	NOT_ENOUGH_INFO	SUPPORT	0.9498395919799805	0.03884967043995857	0.011310754343867302
scifact	microsoft/BiomedNLP-BiomedBERT-base-uncased-abstract-fulltext	frozen_mean_zscore_lr_c1.0_cwnone_selected_on_scifact_inner_val	dev	362:38587347	NOT_ENOUGH_INFO	NOT_ENOUGH_INFO	0.13763311505317688	0.021903837099671364	0.8404630422592163
scifact	microsoft/BiomedNLP-BiomedBERT-base-uncased-abstract-fulltext	frozen_mean_zscore_lr_c1.0_cwnone_selected_on_scifact_inner_val	dev	380:19005293	SUPPORT	CONTRADICT	0.39525872468948364	0.6047310829162598	1.0151585229323246e-05
scifact	microsoft/BiomedNLP-BiomedBERT-base-uncased-abstract-fulltext	frozen_mean_zscore_lr_c1.0_cwnone_selected_on_scifact_inner_val	dev	384:13770184	NOT_ENOUGH_INFO	NOT_ENOUGH_INFO	0.2799282371997833	0.002035269048064947	0.7180365324020386
scifact	microsoft/BiomedNLP-BiomedBERT-base-uncased-abstract-fulltext	frozen_mean_zscore_lr_c1.0_cwnone_selected_on_scifact_inner_val	dev	385:9767444	NOT_ENOUGH_INFO	NOT_ENOUGH_INFO	0.03467089682817459	0.08133722096681595	0.8839919567108154
scifact	microsoft/BiomedNLP-BiomedBERT-base-uncased-abstract-fulltext	frozen_mean_zscore_lr_c1.0_cwnone_selected_on_scifact_inner_val	dev	385:9955779	SUPPORT	NOT_ENOUGH_INFO	9.809960829443298e-06	2.8325683465446616e-10	0.9999902248382568
scifact	microsoft/BiomedNLP-BiomedBERT-base-uncased-abstract-fulltext	frozen_mean_zscore_lr_c1.0_cwnone_selected_on_scifact_inner_val	dev	386:16495649	SUPPORT	SUPPORT	0.9063400626182556	0.004678036086261272	0.08898191154003143
scifact	microsoft/BiomedNLP-BiomedBERT-base-uncased-abstract-fulltext	frozen_mean_zscore_lr_c1.0_cwnone_selected_on_scifact_inner_val	dev	388:1148122	NOT_ENOUGH_INFO	NOT_ENOUGH_INFO	2.7289550416753627e-05	0.0006955799763090909	0.9992771744728088
scifact	microsoft/BiomedNLP-BiomedBERT-base-uncased-abstract-fulltext	frozen_mean_zscore_lr_c1.0_cwnone_selected_on_scifact_inner_val	dev	399:791050	SUPPORT	CONTRADICT	0.020330335944890976	0.9403803944587708	0.0392892062664032
scifact	microsoft/BiomedNLP-BiomedBERT-base-uncased-abstract-fulltext	frozen_mean_zscore_lr_c1.0_cwnone_selected_on_scifact_inner_val	dev	410:14924526	NOT_ENOUGH_INFO	SUPPORT	0.550282895565033	0.2412155717611313	0.20850148797035217
scifact	microsoft/BiomedNLP-BiomedBERT-base-uncased-abstract-fulltext	frozen_mean_zscore_lr_c1.0_cwnone_selected_on_scifact_inner_val	dev	411:14924526	NOT_ENOUGH_INFO	SUPPORT	0.3702755868434906	0.3399707078933716	0.28975367546081543
scifact	microsoft/BiomedNLP-BiomedBERT-base-uncased-abstract-fulltext	frozen_mean_zscore_lr_c1.0_cwnone_selected_on_scifact_inner_val	dev	415:6309659	SUPPORT	SUPPORT	0.6644800901412964	0.33551934361457825	5.46569083326176e-07
scifact	microsoft/BiomedNLP-BiomedBERT-base-uncased-abstract-fulltext	frozen_mean_zscore_lr_c1.0_cwnone_selected_on_scifact_inner_val	dev	421:11172205	NOT_ENOUGH_INFO	NOT_ENOUGH_INFO	1.3740637768933084e-05	0.00014322511560749263	0.9998430013656616
scifact	microsoft/BiomedNLP-BiomedBERT-base-uncased-abstract-fulltext	frozen_mean_zscore_lr_c1.0_cwnone_selected_on_scifact_inner_val	dev	431:28937856	SUPPORT	CONTRADICT	0.14115700125694275	0.7981345653533936	0.06070839613676071
scifact	microsoft/BiomedNLP-BiomedBERT-base-uncased-abstract-fulltext	frozen_mean_zscore_lr_c1.0_cwnone_selected_on_scifact_inner_val	dev	436:14637235	SUPPORT	NOT_ENOUGH_INFO	0.0025405872147530317	0.002174843568354845	0.9952846169471741
scifact	microsoft/BiomedNLP-BiomedBERT-base-uncased-abstract-fulltext	frozen_mean_zscore_lr_c1.0_cwnone_selected_on_scifact_inner_val	dev	437:18399038	NOT_ENOUGH_INFO	CONTRADICT	0.0006073224940337241	0.7241938710212708	0.2751987874507904
scifact	microsoft/BiomedNLP-BiomedBERT-base-uncased-abstract-fulltext	frozen_mean_zscore_lr_c1.0_cwnone_selected_on_scifact_inner_val	dev	439:4423559	NOT_ENOUGH_INFO	NOT_ENOUGH_INFO	0.0007573425536975265	0.21384860575199127	0.7853940725326538
scifact	microsoft/BiomedNLP-BiomedBERT-base-uncased-abstract-fulltext	frozen_mean_zscore_lr_c1.0_cwnone_selected_on_scifact_inner_val	dev	440:4423559	NOT_ENOUGH_INFO	NOT_ENOUGH_INFO	0.001319182338193059	0.3748840391635895	0.6237967610359192
scifact	microsoft/BiomedNLP-BiomedBERT-base-uncased-abstract-fulltext	frozen_mean_zscore_lr_c1.0_cwnone_selected_on_scifact_inner_val	dev	443:10165258	SUPPORT	SUPPORT	0.9772183895111084	3.7921593047940405e-06	0.022777782753109932
scifact	microsoft/BiomedNLP-BiomedBERT-base-uncased-abstract-fulltext	frozen_mean_zscore_lr_c1.0_cwnone_selected_on_scifact_inner_val	dev	452:464511	CONTRADICT	SUPPORT	0.7362509965896606	0.01140976045280695	0.252339243888855
scifact	microsoft/BiomedNLP-BiomedBERT-base-uncased-abstract-fulltext	frozen_mean_zscore_lr_c1.0_cwnone_selected_on_scifact_inner_val	dev	452:12804937	CONTRADICT	NOT_ENOUGH_INFO	0.00036287601687945426	0.008853839710354805	0.9907833337783813
scifact	microsoft/BiomedNLP-BiomedBERT-base-uncased-abstract-fulltext	frozen_mean_zscore_lr_c1.0_cwnone_selected_on_scifact_inner_val	dev	475:18678095	SUPPORT	NOT_ENOUGH_INFO	0.034020066261291504	0.00035173504147678614	0.9656282067298889
scifact	microsoft/BiomedNLP-BiomedBERT-base-uncased-abstract-fulltext	frozen_mean_zscore_lr_c1.0_cwnone_selected_on_scifact_inner_val	dev	478:14767844	NOT_ENOUGH_INFO	SUPPORT	0.9984196424484253	0.0015801555709913373	1.7408981989319727e-07
scifact	microsoft/BiomedNLP-BiomedBERT-base-uncased-abstract-fulltext	frozen_mean_zscore_lr_c1.0_cwnone_selected_on_scifact_inner_val	dev	491:56893404	NOT_ENOUGH_INFO	NOT_ENOUGH_INFO	0.014499516226351261	0.0005682203336618841	0.9849323630332947
scifact	microsoft/BiomedNLP-BiomedBERT-base-uncased-abstract-fulltext	frozen_mean_zscore_lr_c1.0_cwnone_selected_on_scifact_inner_val	dev	501:17930286	SUPPORT	CONTRADICT	0.021653275936841965	0.9779611825942993	0.0003855943214148283
scifact	microsoft/BiomedNLP-BiomedBERT-base-uncased-abstract-fulltext	frozen_mean_zscore_lr_c1.0_cwnone_selected_on_scifact_inner_val	dev	502:13071728	NOT_ENOUGH_INFO	SUPPORT	0.8553305268287659	0.004067116882652044	0.14060235023498535
scifact	microsoft/BiomedNLP-BiomedBERT-base-uncased-abstract-fulltext	frozen_mean_zscore_lr_c1.0_cwnone_selected_on_scifact_inner_val	dev	507:30774694	NOT_ENOUGH_INFO	SUPPORT	0.9981254935264587	0.001874149078503251	2.976478867822152e-07
scifact	microsoft/BiomedNLP-BiomedBERT-base-uncased-abstract-fulltext	frozen_mean_zscore_lr_c1.0_cwnone_selected_on_scifact_inner_val	dev	508:13980338	NOT_ENOUGH_INFO	NOT_ENOUGH_INFO	0.0004321047163102776	1.0585440577415284e-05	0.9995573163032532
scifact	microsoft/BiomedNLP-BiomedBERT-base-uncased-abstract-fulltext	frozen_mean_zscore_lr_c1.0_cwnone_selected_on_scifact_inner_val	dev	513:13230773	CONTRADICT	NOT_ENOUGH_INFO	0.32186004519462585	0.2978653311729431	0.3802746534347534
scifact	microsoft/BiomedNLP-BiomedBERT-base-uncased-abstract-fulltext	frozen_mean_zscore_lr_c1.0_cwnone_selected_on_scifact_inner_val	dev	514:16256507	NOT_ENOUGH_INFO	SUPPORT	0.9426099061965942	0.0051720901392400265	0.05221802741289139
scifact	microsoft/BiomedNLP-BiomedBERT-base-uncased-abstract-fulltext	frozen_mean_zscore_lr_c1.0_cwnone_selected_on_scifact_inner_val	dev	516:29564505	CONTRADICT	SUPPORT	0.8855056166648865	0.11359181255102158	0.0009025973849929869
scifact	microsoft/BiomedNLP-BiomedBERT-base-uncased-abstract-fulltext	frozen_mean_zscore_lr_c1.0_cwnone_selected_on_scifact_inner_val	dev	517:15663829	NOT_ENOUGH_INFO	SUPPORT	0.674145519733429	0.32585203647613525	2.4463931822538143e-06
scifact	microsoft/BiomedNLP-BiomedBERT-base-uncased-abstract-fulltext	frozen_mean_zscore_lr_c1.0_cwnone_selected_on_scifact_inner_val	dev	521:34873974	SUPPORT	NOT_ENOUGH_INFO	0.010407171212136745	0.06036050617694855	0.9292323589324951
scifact	microsoft/BiomedNLP-BiomedBERT-base-uncased-abstract-fulltext	frozen_mean_zscore_lr_c1.0_cwnone_selected_on_scifact_inner_val	dev	525:13639330	SUPPORT	NOT_ENOUGH_INFO	0.11514054983854294	1.764656531122455e-06	0.8848576545715332
scifact	microsoft/BiomedNLP-BiomedBERT-base-uncased-abstract-fulltext	frozen_mean_zscore_lr_c1.0_cwnone_selected_on_scifact_inner_val	dev	527:3863543	NOT_ENOUGH_INFO	NOT_ENOUGH_INFO	0.004020542372018099	0.006781744305044413	0.9891976714134216
scifact	microsoft/BiomedNLP-BiomedBERT-base-uncased-abstract-fulltext	frozen_mean_zscore_lr_c1.0_cwnone_selected_on_scifact_inner_val	dev	528:5476778	SUPPORT	SUPPORT	0.9999771118164062	2.018567465711385e-05	2.706524583118153e-06
scifact	microsoft/BiomedNLP-BiomedBERT-base-uncased-abstract-fulltext	frozen_mean_zscore_lr_c1.0_cwnone_selected_on_scifact_inner_val	dev	532:12991445	CONTRADICT	CONTRADICT	8.268234523711726e-05	0.9993637204170227	0.0005536530516110361
scifact	microsoft/BiomedNLP-BiomedBERT-base-uncased-abstract-fulltext	frozen_mean_zscore_lr_c1.0_cwnone_selected_on_scifact_inner_val	dev	533:12991445	SUPPORT	CONTRADICT	0.00018954038387164474	0.9987840056419373	0.001026430050842464
scifact	microsoft/BiomedNLP-BiomedBERT-base-uncased-abstract-fulltext	frozen_mean_zscore_lr_c1.0_cwnone_selected_on_scifact_inner_val	dev	535:39368721	NOT_ENOUGH_INFO	SUPPORT	0.5549270510673523	0.445026159286499	4.681633799918927e-05
scifact	microsoft/BiomedNLP-BiomedBERT-base-uncased-abstract-fulltext	frozen_mean_zscore_lr_c1.0_cwnone_selected_on_scifact_inner_val	dev	536:16056514	SUPPORT	CONTRADICT	0.05721351131796837	0.8878578543663025	0.05492868646979332
scifact	microsoft/BiomedNLP-BiomedBERT-base-uncased-abstract-fulltext	frozen_mean_zscore_lr_c1.0_cwnone_selected_on_scifact_inner_val	dev	539:13282296	SUPPORT	CONTRADICT	0.15312789380550385	0.8050075173377991	0.04186456650495529
scifact	microsoft/BiomedNLP-BiomedBERT-base-uncased-abstract-fulltext	frozen_mean_zscore_lr_c1.0_cwnone_selected_on_scifact_inner_val	dev	540:11886686	SUPPORT	SUPPORT	0.6163128018379211	0.30120909214019775	0.08247815072536469
scifact	microsoft/BiomedNLP-BiomedBERT-base-uncased-abstract-fulltext	frozen_mean_zscore_lr_c1.0_cwnone_selected_on_scifact_inner_val	dev	540:25007443	NOT_ENOUGH_INFO	NOT_ENOUGH_INFO	0.005044471938163042	0.03669186308979988	0.9582636952400208
scifact	microsoft/BiomedNLP-BiomedBERT-base-uncased-abstract-fulltext	frozen_mean_zscore_lr_c1.0_cwnone_selected_on_scifact_inner_val	dev	544:24221369	NOT_ENOUGH_INFO	NOT_ENOUGH_INFO	0.14566649496555328	0.054855454713106155	0.7994780540466309
scifact	microsoft/BiomedNLP-BiomedBERT-base-uncased-abstract-fulltext	frozen_mean_zscore_lr_c1.0_cwnone_selected_on_scifact_inner_val	dev	549:9433958	SUPPORT	NOT_ENOUGH_INFO	0.09479272365570068	0.00012289192818570882	0.9050843715667725
scifact	microsoft/BiomedNLP-BiomedBERT-base-uncased-abstract-fulltext	frozen_mean_zscore_lr_c1.0_cwnone_selected_on_scifact_inner_val	dev	551:33499189	NOT_ENOUGH_INFO	NOT_ENOUGH_INFO	0.035780198872089386	0.04910018667578697	0.9151195287704468
scifact	microsoft/BiomedNLP-BiomedBERT-base-uncased-abstract-fulltext	frozen_mean_zscore_lr_c1.0_cwnone_selected_on_scifact_inner_val	dev	552:1471041	NOT_ENOUGH_INFO	CONTRADICT	0.06978116929531097	0.929928183555603	0.00029067392461001873
scifact	microsoft/BiomedNLP-BiomedBERT-base-uncased-abstract-fulltext	frozen_mean_zscore_lr_c1.0_cwnone_selected_on_scifact_inner_val	dev	554:1049501	NOT_ENOUGH_INFO	NOT_ENOUGH_INFO	0.042110998183488846	0.0050376104190945625	0.9528513550758362
scifact	microsoft/BiomedNLP-BiomedBERT-base-uncased-abstract-fulltext	frozen_mean_zscore_lr_c1.0_cwnone_selected_on_scifact_inner_val	dev	560:40096222	NOT_ENOUGH_INFO	SUPPORT	0.7370023727416992	0.0002953827497549355	0.2627022862434387
scifact	microsoft/BiomedNLP-BiomedBERT-base-uncased-abstract-fulltext	frozen_mean_zscore_lr_c1.0_cwnone_selected_on_scifact_inner_val	dev	569:23460562	SUPPORT	SUPPORT	0.9895914196968079	0.0006405690801329911	0.009768005460500717
scifact	microsoft/BiomedNLP-BiomedBERT-base-uncased-abstract-fulltext	frozen_mean_zscore_lr_c1.0_cwnone_selected_on_scifact_inner_val	dev	575:10300888	NOT_ENOUGH_INFO	NOT_ENOUGH_INFO	6.247251440072432e-05	3.3462190913269296e-05	0.9999040365219116
scifact	microsoft/BiomedNLP-BiomedBERT-base-uncased-abstract-fulltext	frozen_mean_zscore_lr_c1.0_cwnone_selected_on_scifact_inner_val	dev	577:5289038	NOT_ENOUGH_INFO	CONTRADICT	0.002037341706454754	0.9922297596931458	0.005732883233577013
scifact	microsoft/BiomedNLP-BiomedBERT-base-uncased-abstract-fulltext	frozen_mean_zscore_lr_c1.0_cwnone_selected_on_scifact_inner_val	dev	578:8764879	CONTRADICT	SUPPORT	0.9999575614929199	4.164496931480244e-05	8.41210578528262e-07
scifact	microsoft/BiomedNLP-BiomedBERT-base-uncased-abstract-fulltext	frozen_mean_zscore_lr_c1.0_cwnone_selected_on_scifact_inner_val	dev	587:16999023	NOT_ENOUGH_INFO	NOT_ENOUGH_INFO	0.0008447476429864764	0.0002479137619957328	0.9989073276519775
scifact	microsoft/BiomedNLP-BiomedBERT-base-uncased-abstract-fulltext	frozen_mean_zscore_lr_c1.0_cwnone_selected_on_scifact_inner_val	dev	589:10984005	SUPPORT	CONTRADICT	0.009573443792760372	0.9700390696525574	0.02038753032684326
scifact	microsoft/BiomedNLP-BiomedBERT-base-uncased-abstract-fulltext	frozen_mean_zscore_lr_c1.0_cwnone_selected_on_scifact_inner_val	dev	593:19675911	SUPPORT	CONTRADICT	0.0033279533963650465	0.9944567680358887	0.0022152105811983347
scifact	microsoft/BiomedNLP-BiomedBERT-base-uncased-abstract-fulltext	frozen_mean_zscore_lr_c1.0_cwnone_selected_on_scifact_inner_val	dev	597:12779444	SUPPORT	CONTRADICT	0.011025380343198776	0.985392153263092	0.0035824289079755545
scifact	microsoft/BiomedNLP-BiomedBERT-base-uncased-abstract-fulltext	frozen_mean_zscore_lr_c1.0_cwnone_selected_on_scifact_inner_val	dev	597:25742130	SUPPORT	CONTRADICT	0.028734240680933	0.9711967706680298	6.895010301377624e-05
scifact	microsoft/BiomedNLP-BiomedBERT-base-uncased-abstract-fulltext	frozen_mean_zscore_lr_c1.0_cwnone_selected_on_scifact_inner_val	dev	597:36355784	SUPPORT	SUPPORT	0.8284753561019897	0.16939760744571686	0.0021269884891808033
scifact	microsoft/BiomedNLP-BiomedBERT-base-uncased-abstract-fulltext	frozen_mean_zscore_lr_c1.0_cwnone_selected_on_scifact_inner_val	dev	598:25742130	CONTRADICT	CONTRADICT	0.025083281099796295	0.9748321175575256	8.459840319119394e-05
scifact	microsoft/BiomedNLP-BiomedBERT-base-uncased-abstract-fulltext	frozen_mean_zscore_lr_c1.0_cwnone_selected_on_scifact_inner_val	dev	613:9638032	SUPPORT	SUPPORT	0.5923872590065002	0.37749919295310974	0.03011350892484188
scifact	microsoft/BiomedNLP-BiomedBERT-base-uncased-abstract-fulltext	frozen_mean_zscore_lr_c1.0_cwnone_selected_on_scifact_inner_val	dev	619:2565138	NOT_ENOUGH_INFO	NOT_ENOUGH_INFO	7.943986929603852e-06	0.0011224547633901238	0.9988695979118347
scifact	microsoft/BiomedNLP-BiomedBERT-base-uncased-abstract-fulltext	frozen_mean_zscore_lr_c1.0_cwnone_selected_on_scifact_inner_val	dev	619:20888849	CONTRADICT	SUPPORT	0.5203596353530884	0.38728365302085876	0.09235671162605286
scifact	microsoft/BiomedNLP-BiomedBERT-base-uncased-abstract-fulltext	frozen_mean_zscore_lr_c1.0_cwnone_selected_on_scifact_inner_val	dev	623:17000834	NOT_ENOUGH_INFO	NOT_ENOUGH_INFO	0.008219243958592415	0.0703924298286438	0.9213882684707642
scifact	microsoft/BiomedNLP-BiomedBERT-base-uncased-abstract-fulltext	frozen_mean_zscore_lr_c1.0_cwnone_selected_on_scifact_inner_val	dev	628:24512064	NOT_ENOUGH_INFO	NOT_ENOUGH_INFO	0.006253811996430159	0.0010730974609032273	0.9926730990409851
scifact	microsoft/BiomedNLP-BiomedBERT-base-uncased-abstract-fulltext	frozen_mean_zscore_lr_c1.0_cwnone_selected_on_scifact_inner_val	dev	636:24294572	SUPPORT	NOT_ENOUGH_INFO	1.5711480727542693e-10	0.14234881103038788	0.8576511740684509
scifact	microsoft/BiomedNLP-BiomedBERT-base-uncased-abstract-fulltext	frozen_mean_zscore_lr_c1.0_cwnone_selected_on_scifact_inner_val	dev	637:25649714	NOT_ENOUGH_INFO	NOT_ENOUGH_INFO	0.0019315434619784355	0.014099529944360256	0.98396897315979
scifact	microsoft/BiomedNLP-BiomedBERT-base-uncased-abstract-fulltext	frozen_mean_zscore_lr_c1.0_cwnone_selected_on_scifact_inner_val	dev	641:5912283	SUPPORT	CONTRADICT	0.04547889903187752	0.9534950256347656	0.0010260113049298525
scifact	microsoft/BiomedNLP-BiomedBERT-base-uncased-abstract-fulltext	frozen_mean_zscore_lr_c1.0_cwnone_selected_on_scifact_inner_val	dev	641:31554917	NOT_ENOUGH_INFO	NOT_ENOUGH_INFO	0.030829783529043198	0.003067946759983897	0.9661022424697876
scifact	microsoft/BiomedNLP-BiomedBERT-base-uncased-abstract-fulltext	frozen_mean_zscore_lr_c1.0_cwnone_selected_on_scifact_inner_val	dev	644:13619127	NOT_ENOUGH_INFO	NOT_ENOUGH_INFO	0.08554620295763016	0.08896687626838684	0.8254868984222412
scifact	microsoft/BiomedNLP-BiomedBERT-base-uncased-abstract-fulltext	frozen_mean_zscore_lr_c1.0_cwnone_selected_on_scifact_inner_val	dev	649:12789595	NOT_ENOUGH_INFO	NOT_ENOUGH_INFO	1.1154876347063691e-06	2.773610141559857e-08	0.999998927116394
scifact	microsoft/BiomedNLP-BiomedBERT-base-uncased-abstract-fulltext	frozen_mean_zscore_lr_c1.0_cwnone_selected_on_scifact_inner_val	dev	659:1215116	NOT_ENOUGH_INFO	NOT_ENOUGH_INFO	0.000657847267575562	0.00010920198837993667	0.9992328882217407
scifact	microsoft/BiomedNLP-BiomedBERT-base-uncased-abstract-fulltext	frozen_mean_zscore_lr_c1.0_cwnone_selected_on_scifact_inner_val	dev	660:1215116	NOT_ENOUGH_INFO	NOT_ENOUGH_INFO	0.0012642861111089587	0.00013183885312173516	0.9986039996147156
scifact	microsoft/BiomedNLP-BiomedBERT-base-uncased-abstract-fulltext	frozen_mean_zscore_lr_c1.0_cwnone_selected_on_scifact_inner_val	dev	674:2095573	CONTRADICT	SUPPORT	0.733332097530365	0.027756202965974808	0.2389117330312729
scifact	microsoft/BiomedNLP-BiomedBERT-base-uncased-abstract-fulltext	frozen_mean_zscore_lr_c1.0_cwnone_selected_on_scifact_inner_val	dev	684:4942718	NOT_ENOUGH_INFO	NOT_ENOUGH_INFO	0.0023937509395182133	0.13286207616329193	0.8647441267967224
scifact	microsoft/BiomedNLP-BiomedBERT-base-uncased-abstract-fulltext	frozen_mean_zscore_lr_c1.0_cwnone_selected_on_scifact_inner_val	dev	690:18750453	NOT_ENOUGH_INFO	NOT_ENOUGH_INFO	0.0009338168310932815	0.006886640563607216	0.9921795129776001
scifact	microsoft/BiomedNLP-BiomedBERT-base-uncased-abstract-fulltext	frozen_mean_zscore_lr_c1.0_cwnone_selected_on_scifact_inner_val	dev	691:10991183	NOT_ENOUGH_INFO	SUPPORT	0.8271588087081909	0.1610410362482071	0.011800126172602177
scifact	microsoft/BiomedNLP-BiomedBERT-base-uncased-abstract-fulltext	frozen_mean_zscore_lr_c1.0_cwnone_selected_on_scifact_inner_val	dev	692:24088502	CONTRADICT	NOT_ENOUGH_INFO	0.12094631046056747	0.1571480929851532	0.7219055891036987
scifact	microsoft/BiomedNLP-BiomedBERT-base-uncased-abstract-fulltext	frozen_mean_zscore_lr_c1.0_cwnone_selected_on_scifact_inner_val	dev	693:24088502	SUPPORT	NOT_ENOUGH_INFO	0.17825885117053986	0.2232675850391388	0.5984735488891602
scifact	microsoft/BiomedNLP-BiomedBERT-base-uncased-abstract-fulltext	frozen_mean_zscore_lr_c1.0_cwnone_selected_on_scifact_inner_val	dev	700:4350400	NOT_ENOUGH_INFO	NOT_ENOUGH_INFO	0.0032062220852822065	0.041569702327251434	0.9552240967750549
scifact	microsoft/BiomedNLP-BiomedBERT-base-uncased-abstract-fulltext	frozen_mean_zscore_lr_c1.0_cwnone_selected_on_scifact_inner_val	dev	702:4350400	NOT_ENOUGH_INFO	NOT_ENOUGH_INFO	0.004541144706308842	0.05546817556023598	0.9399906396865845
scifact	microsoft/BiomedNLP-BiomedBERT-base-uncased-abstract-fulltext	frozen_mean_zscore_lr_c1.0_cwnone_selected_on_scifact_inner_val	dev	715:18421962	NOT_ENOUGH_INFO	NOT_ENOUGH_INFO	0.000450246618129313	0.008415533229708672	0.9911342263221741
scifact	microsoft/BiomedNLP-BiomedBERT-base-uncased-abstract-fulltext	frozen_mean_zscore_lr_c1.0_cwnone_selected_on_scifact_inner_val	dev	716:18421962	NOT_ENOUGH_INFO	NOT_ENOUGH_INFO	0.0005217502475716174	0.00932771060615778	0.9901505708694458
scifact	microsoft/BiomedNLP-BiomedBERT-base-uncased-abstract-fulltext	frozen_mean_zscore_lr_c1.0_cwnone_selected_on_scifact_inner_val	dev	718:17587795	CONTRADICT	SUPPORT	0.9684848189353943	0.00195341557264328	0.029561741277575493
scifact	microsoft/BiomedNLP-BiomedBERT-base-uncased-abstract-fulltext	frozen_mean_zscore_lr_c1.0_cwnone_selected_on_scifact_inner_val	dev	721:1834762	SUPPORT	CONTRADICT	0.06371486932039261	0.9319491982460022	0.0043359482660889626
scifact	microsoft/BiomedNLP-BiomedBERT-base-uncased-abstract-fulltext	frozen_mean_zscore_lr_c1.0_cwnone_selected_on_scifact_inner_val	dev	723:5531479	SUPPORT	SUPPORT	0.9548416137695312	0.045132413506507874	2.594507168396376e-05
scifact	microsoft/BiomedNLP-BiomedBERT-base-uncased-abstract-fulltext	frozen_mean_zscore_lr_c1.0_cwnone_selected_on_scifact_inner_val	dev	727:7521113	NOT_ENOUGH_INFO	NOT_ENOUGH_INFO	0.4161390960216522	0.005408168770372868	0.5784527063369751
scifact	microsoft/BiomedNLP-BiomedBERT-base-uncased-abstract-fulltext	frozen_mean_zscore_lr_c1.0_cwnone_selected_on_scifact_inner_val	dev	728:7521113	NOT_ENOUGH_INFO	NOT_ENOUGH_INFO	0.3287823796272278	0.0033072002697736025	0.6679103970527649
scifact	microsoft/BiomedNLP-BiomedBERT-base-uncased-abstract-fulltext	frozen_mean_zscore_lr_c1.0_cwnone_selected_on_scifact_inner_val	dev	728:36444198	CONTRADICT	SUPPORT	0.8952399492263794	0.0006046331254765391	0.10415536165237427
scifact	microsoft/BiomedNLP-BiomedBERT-base-uncased-abstract-fulltext	frozen_mean_zscore_lr_c1.0_cwnone_selected_on_scifact_inner_val	dev	729:26851674	SUPPORT	SUPPORT	0.8226245641708374	0.008085312321782112	0.16929014027118683
scifact	microsoft/BiomedNLP-BiomedBERT-base-uncased-abstract-fulltext	frozen_mean_zscore_lr_c1.0_cwnone_selected_on_scifact_inner_val	dev	742:32159283	SUPPORT	CONTRADICT	0.04170669987797737	0.9582901000976562	3.2312195799022447e-06
scifact	microsoft/BiomedNLP-BiomedBERT-base-uncased-abstract-fulltext	frozen_mean_zscore_lr_c1.0_cwnone_selected_on_scifact_inner_val	dev	743:32159283	CONTRADICT	CONTRADICT	0.04765923321247101	0.9523360133171082	4.778219590662047e-06
scifact	microsoft/BiomedNLP-BiomedBERT-base-uncased-abstract-fulltext	frozen_mean_zscore_lr_c1.0_cwnone_selected_on_scifact_inner_val	dev	744:8460275	SUPPORT	NOT_ENOUGH_INFO	3.3795063245634083e-06	0.00015372507914435118	0.9998428821563721
scifact	microsoft/BiomedNLP-BiomedBERT-base-uncased-abstract-fulltext	frozen_mean_zscore_lr_c1.0_cwnone_selected_on_scifact_inner_val	dev	756:2831620	SUPPORT	NOT_ENOUGH_INFO	0.11649760603904724	0.005301203113049269	0.8782012462615967
scifact	microsoft/BiomedNLP-BiomedBERT-base-uncased-abstract-fulltext	frozen_mean_zscore_lr_c1.0_cwnone_selected_on_scifact_inner_val	dev	759:1805641	CONTRADICT	SUPPORT	0.9376252889633179	0.02528323605656624	0.037091489881277084
scifact	microsoft/BiomedNLP-BiomedBERT-base-uncased-abstract-fulltext	frozen_mean_zscore_lr_c1.0_cwnone_selected_on_scifact_inner_val	dev	768:6421792	NOT_ENOUGH_INFO	NOT_ENOUGH_INFO	0.019634272903203964	1.187687576020835e-05	0.9803537726402283
scifact	microsoft/BiomedNLP-BiomedBERT-base-uncased-abstract-fulltext	frozen_mean_zscore_lr_c1.0_cwnone_selected_on_scifact_inner_val	dev	770:15476777	SUPPORT	CONTRADICT	0.010673385113477707	0.904915452003479	0.0844111442565918
scifact	microsoft/BiomedNLP-BiomedBERT-base-uncased-abstract-fulltext	frozen_mean_zscore_lr_c1.0_cwnone_selected_on_scifact_inner_val	dev	775:32275758	NOT_ENOUGH_INFO	NOT_ENOUGH_INFO	8.58687053550966e-06	0.02014884352684021	0.979842483997345
scifact	microsoft/BiomedNLP-BiomedBERT-base-uncased-abstract-fulltext	frozen_mean_zscore_lr_c1.0_cwnone_selected_on_scifact_inner_val	dev	781:24338780	CONTRADICT	SUPPORT	0.9973099231719971	0.0007033224101178348	0.00198671268299222
scifact	microsoft/BiomedNLP-BiomedBERT-base-uncased-abstract-fulltext	frozen_mean_zscore_lr_c1.0_cwnone_selected_on_scifact_inner_val	dev	783:40632104	NOT_ENOUGH_INFO	SUPPORT	0.999065101146698	0.0009348333696834743	1.1003856315028315e-07
scifact	microsoft/BiomedNLP-BiomedBERT-base-uncased-abstract-fulltext	frozen_mean_zscore_lr_c1.0_cwnone_selected_on_scifact_inner_val	dev	784:2356950	SUPPORT	SUPPORT	0.9999229907989502	1.8826196537702344e-05	5.8173278375761583e-05
scifact	microsoft/BiomedNLP-BiomedBERT-base-uncased-abstract-fulltext	frozen_mean_zscore_lr_c1.0_cwnone_selected_on_scifact_inner_val	dev	785:12471115	NOT_ENOUGH_INFO	SUPPORT	0.9910135865211487	0.0014375683385878801	0.0075488523580133915
scifact	microsoft/BiomedNLP-BiomedBERT-base-uncased-abstract-fulltext	frozen_mean_zscore_lr_c1.0_cwnone_selected_on_scifact_inner_val	dev	793:8551160	CONTRADICT	CONTRADICT	0.3572922348976135	0.6415109038352966	0.001196901430375874
scifact	microsoft/BiomedNLP-BiomedBERT-base-uncased-abstract-fulltext	frozen_mean_zscore_lr_c1.0_cwnone_selected_on_scifact_inner_val	dev	800:22543403	NOT_ENOUGH_INFO	NOT_ENOUGH_INFO	0.3374921977519989	0.15439318120479584	0.5081146359443665
scifact	microsoft/BiomedNLP-BiomedBERT-base-uncased-abstract-fulltext	frozen_mean_zscore_lr_c1.0_cwnone_selected_on_scifact_inner_val	dev	805:22180793	SUPPORT	SUPPORT	0.8638163805007935	0.13618138432502747	2.271964149258565e-06
scifact	microsoft/BiomedNLP-BiomedBERT-base-uncased-abstract-fulltext	frozen_mean_zscore_lr_c1.0_cwnone_selected_on_scifact_inner_val	dev	808:36606083	SUPPORT	CONTRADICT	0.29698359966278076	0.43591877818107605	0.2670975923538208
scifact	microsoft/BiomedNLP-BiomedBERT-base-uncased-abstract-fulltext	frozen_mean_zscore_lr_c1.0_cwnone_selected_on_scifact_inner_val	dev	811:19799455	CONTRADICT	SUPPORT	0.9210930466651917	0.06038481369614601	0.01852216199040413
scifact	microsoft/BiomedNLP-BiomedBERT-base-uncased-abstract-fulltext	frozen_mean_zscore_lr_c1.0_cwnone_selected_on_scifact_inner_val	dev	814:33387953	NOT_ENOUGH_INFO	NOT_ENOUGH_INFO	0.07355602085590363	0.0001988259027712047	0.9262450933456421
scifact	microsoft/BiomedNLP-BiomedBERT-base-uncased-abstract-fulltext	frozen_mean_zscore_lr_c1.0_cwnone_selected_on_scifact_inner_val	dev	820:8646760	NOT_ENOUGH_INFO	NOT_ENOUGH_INFO	0.07750969380140305	0.005327584687620401	0.9171627163887024
scifact	microsoft/BiomedNLP-BiomedBERT-base-uncased-abstract-fulltext	frozen_mean_zscore_lr_c1.0_cwnone_selected_on_scifact_inner_val	dev	821:8646760	NOT_ENOUGH_INFO	NOT_ENOUGH_INFO	0.04070039093494415	0.004440435208380222	0.95485919713974
scifact	microsoft/BiomedNLP-BiomedBERT-base-uncased-abstract-fulltext	frozen_mean_zscore_lr_c1.0_cwnone_selected_on_scifact_inner_val	dev	823:15319019	SUPPORT	SUPPORT	0.5739917159080505	0.3837275207042694	0.04228074103593826
scifact	microsoft/BiomedNLP-BiomedBERT-base-uncased-abstract-fulltext	frozen_mean_zscore_lr_c1.0_cwnone_selected_on_scifact_inner_val	dev	830:1897324	NOT_ENOUGH_INFO	CONTRADICT	0.013071383349597454	0.983681321144104	0.00324730621650815
scifact	microsoft/BiomedNLP-BiomedBERT-base-uncased-abstract-fulltext	frozen_mean_zscore_lr_c1.0_cwnone_selected_on_scifact_inner_val	dev	831:1897324	NOT_ENOUGH_INFO	CONTRADICT	0.012399304658174515	0.9851391911506653	0.0024615165311843157
scifact	microsoft/BiomedNLP-BiomedBERT-base-uncased-abstract-fulltext	frozen_mean_zscore_lr_c1.0_cwnone_selected_on_scifact_inner_val	dev	832:30303335	SUPPORT	CONTRADICT	0.0006661585648544133	0.8066529035568237	0.19268085062503815
scifact	microsoft/BiomedNLP-BiomedBERT-base-uncased-abstract-fulltext	frozen_mean_zscore_lr_c1.0_cwnone_selected_on_scifact_inner_val	dev	834:5483793	NOT_ENOUGH_INFO	NOT_ENOUGH_INFO	0.030267242342233658	0.010881723836064339	0.9588510394096375
scifact	microsoft/BiomedNLP-BiomedBERT-base-uncased-abstract-fulltext	frozen_mean_zscore_lr_c1.0_cwnone_selected_on_scifact_inner_val	dev	837:15928989	SUPPORT	NOT_ENOUGH_INFO	0.08253613859415054	0.20167286694049835	0.7157909870147705
scifact	microsoft/BiomedNLP-BiomedBERT-base-uncased-abstract-fulltext	frozen_mean_zscore_lr_c1.0_cwnone_selected_on_scifact_inner_val	dev	839:1469751	SUPPORT	SUPPORT	0.9996217489242554	3.3333592455164762e-06	0.00037492302362807095
scifact	microsoft/BiomedNLP-BiomedBERT-base-uncased-abstract-fulltext	frozen_mean_zscore_lr_c1.0_cwnone_selected_on_scifact_inner_val	dev	845:17741440	SUPPORT	SUPPORT	0.999316930770874	4.78951136528849e-08	0.0006830426282249391
scifact	microsoft/BiomedNLP-BiomedBERT-base-uncased-abstract-fulltext	frozen_mean_zscore_lr_c1.0_cwnone_selected_on_scifact_inner_val	dev	847:16787954	CONTRADICT	NOT_ENOUGH_INFO	1.5912417438812554e-05	6.836334068793803e-05	0.9999157190322876
scifact	microsoft/BiomedNLP-BiomedBERT-base-uncased-abstract-fulltext	frozen_mean_zscore_lr_c1.0_cwnone_selected_on_scifact_inner_val	dev	852:13843341	CONTRADICT	SUPPORT	0.9978873133659363	8.563543087802827e-05	0.002027030335739255
scifact	microsoft/BiomedNLP-BiomedBERT-base-uncased-abstract-fulltext	frozen_mean_zscore_lr_c1.0_cwnone_selected_on_scifact_inner_val	dev	859:1982286	CONTRADICT	SUPPORT	0.9986945986747742	4.8470219553564675e-06	0.0013006140943616629
scifact	microsoft/BiomedNLP-BiomedBERT-base-uncased-abstract-fulltext	frozen_mean_zscore_lr_c1.0_cwnone_selected_on_scifact_inner_val	dev	870:195689316	NOT_ENOUGH_INFO	NOT_ENOUGH_INFO	0.021283255890011787	0.00525610102340579	0.9734607338905334
scifact	microsoft/BiomedNLP-BiomedBERT-base-uncased-abstract-fulltext	frozen_mean_zscore_lr_c1.0_cwnone_selected_on_scifact_inner_val	dev	873:1180972	CONTRADICT	NOT_ENOUGH_INFO	8.161560799635481e-06	0.00042983226012438536	0.9995620846748352
scifact	microsoft/BiomedNLP-BiomedBERT-base-uncased-abstract-fulltext	frozen_mean_zscore_lr_c1.0_cwnone_selected_on_scifact_inner_val	dev	873:3315558	CONTRADICT	NOT_ENOUGH_INFO	0.0007874439470469952	0.0028891826514154673	0.9963233470916748
scifact	microsoft/BiomedNLP-BiomedBERT-base-uncased-abstract-fulltext	frozen_mean_zscore_lr_c1.0_cwnone_selected_on_scifact_inner_val	dev	873:19307912	CONTRADICT	NOT_ENOUGH_INFO	5.5492182582383975e-06	0.3733118176460266	0.626682698726654
scifact	microsoft/BiomedNLP-BiomedBERT-base-uncased-abstract-fulltext	frozen_mean_zscore_lr_c1.0_cwnone_selected_on_scifact_inner_val	dev	873:27393799	CONTRADICT	CONTRADICT	5.4048628044256475e-06	0.9967670440673828	0.003227615961804986
scifact	microsoft/BiomedNLP-BiomedBERT-base-uncased-abstract-fulltext	frozen_mean_zscore_lr_c1.0_cwnone_selected_on_scifact_inner_val	dev	873:29025270	CONTRADICT	CONTRADICT	2.3172239593804989e-07	0.9966367483139038	0.0033630060497671366
scifact	microsoft/BiomedNLP-BiomedBERT-base-uncased-abstract-fulltext	frozen_mean_zscore_lr_c1.0_cwnone_selected_on_scifact_inner_val	dev	879:8426046	CONTRADICT	CONTRADICT	0.2665248215198517	0.7333892583847046	8.592638914706185e-05
scifact	microsoft/BiomedNLP-BiomedBERT-base-uncased-abstract-fulltext	frozen_mean_zscore_lr_c1.0_cwnone_selected_on_scifact_inner_val	dev	880:8426046	SUPPORT	SUPPORT	0.8654392957687378	0.13446569442749023	9.495856647845358e-05
scifact	microsoft/BiomedNLP-BiomedBERT-base-uncased-abstract-fulltext	frozen_mean_zscore_lr_c1.0_cwnone_selected_on_scifact_inner_val	dev	882:14803797	CONTRADICT	SUPPORT	0.4837588667869568	0.4774303138256073	0.038810793310403824
scifact	microsoft/BiomedNLP-BiomedBERT-base-uncased-abstract-fulltext	frozen_mean_zscore_lr_c1.0_cwnone_selected_on_scifact_inner_val	dev	887:18855191	NOT_ENOUGH_INFO	NOT_ENOUGH_INFO	0.08228515088558197	0.008108626119792461	0.9096061587333679
scifact	microsoft/BiomedNLP-BiomedBERT-base-uncased-abstract-fulltext	frozen_mean_zscore_lr_c1.0_cwnone_selected_on_scifact_inner_val	dev	903:10648422	CONTRADICT	SUPPORT	0.9285406470298767	0.048994649201631546	0.022464673966169357
scifact	microsoft/BiomedNLP-BiomedBERT-base-uncased-abstract-fulltext	frozen_mean_zscore_lr_c1.0_cwnone_selected_on_scifact_inner_val	dev	904:7370282	SUPPORT	SUPPORT	0.9574015736579895	0.04029573127627373	0.0023026871494948864
scifact	microsoft/BiomedNLP-BiomedBERT-base-uncased-abstract-fulltext	frozen_mean_zscore_lr_c1.0_cwnone_selected_on_scifact_inner_val	dev	907:6923961	NOT_ENOUGH_INFO	NOT_ENOUGH_INFO	0.29867023229599	0.024218963459134102	0.6771107912063599
scifact	microsoft/BiomedNLP-BiomedBERT-base-uncased-abstract-fulltext	frozen_mean_zscore_lr_c1.0_cwnone_selected_on_scifact_inner_val	dev	911:11254556	SUPPORT	SUPPORT	0.670648455619812	0.3236284852027893	0.0057230000384151936
scifact	microsoft/BiomedNLP-BiomedBERT-base-uncased-abstract-fulltext	frozen_mean_zscore_lr_c1.0_cwnone_selected_on_scifact_inner_val	dev	913:3203590	NOT_ENOUGH_INFO	SUPPORT	0.8344758749008179	0.0006493951077573001	0.16487468779087067
scifact	microsoft/BiomedNLP-BiomedBERT-base-uncased-abstract-fulltext	frozen_mean_zscore_lr_c1.0_cwnone_selected_on_scifact_inner_val	dev	914:3203590	NOT_ENOUGH_INFO	SUPPORT	0.9544198513031006	8.951590280048549e-05	0.045490656048059464
scifact	microsoft/BiomedNLP-BiomedBERT-base-uncased-abstract-fulltext	frozen_mean_zscore_lr_c1.0_cwnone_selected_on_scifact_inner_val	dev	921:1642727	SUPPORT	SUPPORT	0.5513685941696167	0.44860440492630005	2.6964022254105657e-05
scifact	microsoft/BiomedNLP-BiomedBERT-base-uncased-abstract-fulltext	frozen_mean_zscore_lr_c1.0_cwnone_selected_on_scifact_inner_val	dev	922:17077004	CONTRADICT	SUPPORT	0.5974277853965759	0.4022104740142822	0.0003617406764533371
scifact	microsoft/BiomedNLP-BiomedBERT-base-uncased-abstract-fulltext	frozen_mean_zscore_lr_c1.0_cwnone_selected_on_scifact_inner_val	dev	936:5483793	SUPPORT	SUPPORT	0.8052539825439453	0.011408906430006027	0.18333706259727478
scifact	microsoft/BiomedNLP-BiomedBERT-base-uncased-abstract-fulltext	frozen_mean_zscore_lr_c1.0_cwnone_selected_on_scifact_inner_val	dev	956:12956194	NOT_ENOUGH_INFO	NOT_ENOUGH_INFO	0.0008853769977577031	6.152120022306917e-06	0.9991083741188049
scifact	microsoft/BiomedNLP-BiomedBERT-base-uncased-abstract-fulltext	frozen_mean_zscore_lr_c1.0_cwnone_selected_on_scifact_inner_val	dev	957:123859	SUPPORT	NOT_ENOUGH_INFO	8.260922186309472e-05	1.2879280802735593e-05	0.9999045133590698
scifact	microsoft/BiomedNLP-BiomedBERT-base-uncased-abstract-fulltext	frozen_mean_zscore_lr_c1.0_cwnone_selected_on_scifact_inner_val	dev	960:8780599	SUPPORT	CONTRADICT	0.1172136664390564	0.8149983286857605	0.06778797507286072
scifact	microsoft/BiomedNLP-BiomedBERT-base-uncased-abstract-fulltext	frozen_mean_zscore_lr_c1.0_cwnone_selected_on_scifact_inner_val	dev	967:2119889	NOT_ENOUGH_INFO	NOT_ENOUGH_INFO	0.026011139154434204	0.0033783186227083206	0.9706106185913086
scifact	microsoft/BiomedNLP-BiomedBERT-base-uncased-abstract-fulltext	frozen_mean_zscore_lr_c1.0_cwnone_selected_on_scifact_inner_val	dev	967:8997410	SUPPORT	NOT_ENOUGH_INFO	0.3364393413066864	0.17076174914836884	0.49279895424842834
scifact	microsoft/BiomedNLP-BiomedBERT-base-uncased-abstract-fulltext	frozen_mean_zscore_lr_c1.0_cwnone_selected_on_scifact_inner_val	dev	971:9764256	SUPPORT	SUPPORT	0.6139672994613647	0.3860304057598114	2.285203891005949e-06
scifact	microsoft/BiomedNLP-BiomedBERT-base-uncased-abstract-fulltext	frozen_mean_zscore_lr_c1.0_cwnone_selected_on_scifact_inner_val	dev	971:27873158	SUPPORT	SUPPORT	0.5522655248641968	0.44773200154304504	2.4574676444899524e-06
scifact	microsoft/BiomedNLP-BiomedBERT-base-uncased-abstract-fulltext	frozen_mean_zscore_lr_c1.0_cwnone_selected_on_scifact_inner_val	dev	971:28617573	SUPPORT	CONTRADICT	0.42708688974380493	0.5721328258514404	0.0007803436019457877
scifact	microsoft/BiomedNLP-BiomedBERT-base-uncased-abstract-fulltext	frozen_mean_zscore_lr_c1.0_cwnone_selected_on_scifact_inner_val	dev	971:46695481	SUPPORT	CONTRADICT	0.11874179542064667	0.8812581300735474	7.162885395928242e-08
scifact	microsoft/BiomedNLP-BiomedBERT-base-uncased-abstract-fulltext	frozen_mean_zscore_lr_c1.0_cwnone_selected_on_scifact_inner_val	dev	975:5304891	NOT_ENOUGH_INFO	NOT_ENOUGH_INFO	0.12577538192272186	0.000589924689847976	0.8736346960067749
scifact	microsoft/BiomedNLP-BiomedBERT-base-uncased-abstract-fulltext	frozen_mean_zscore_lr_c1.0_cwnone_selected_on_scifact_inner_val	dev	982:2988714	SUPPORT	SUPPORT	0.5339488983154297	0.4658893942832947	0.00016169807349797338
scifact	microsoft/BiomedNLP-BiomedBERT-base-uncased-abstract-fulltext	frozen_mean_zscore_lr_c1.0_cwnone_selected_on_scifact_inner_val	dev	985:6828370	SUPPORT	SUPPORT	0.9370562434196472	0.026979194954037666	0.03596455603837967
scifact	microsoft/BiomedNLP-BiomedBERT-base-uncased-abstract-fulltext	frozen_mean_zscore_lr_c1.0_cwnone_selected_on_scifact_inner_val	dev	993:16472469	CONTRADICT	SUPPORT	0.79036545753479	0.2020309567451477	0.00760354520753026
scifact	microsoft/BiomedNLP-BiomedBERT-base-uncased-abstract-fulltext	frozen_mean_zscore_lr_c1.0_cwnone_selected_on_scifact_inner_val	dev	1012:9745001	SUPPORT	CONTRADICT	0.009216808713972569	0.9115644693374634	0.07921875268220901
scifact	microsoft/BiomedNLP-BiomedBERT-base-uncased-abstract-fulltext	frozen_mean_zscore_lr_c1.0_cwnone_selected_on_scifact_inner_val	dev	1014:6277638	NOT_ENOUGH_INFO	NOT_ENOUGH_INFO	0.11599308252334595	0.03597632423043251	0.8480305671691895
scifact	microsoft/BiomedNLP-BiomedBERT-base-uncased-abstract-fulltext	frozen_mean_zscore_lr_c1.0_cwnone_selected_on_scifact_inner_val	dev	1019:11603066	SUPPORT	SUPPORT	0.6039655804634094	0.04220199957489967	0.3538324534893036
scifact	microsoft/BiomedNLP-BiomedBERT-base-uncased-abstract-fulltext	frozen_mean_zscore_lr_c1.0_cwnone_selected_on_scifact_inner_val	dev	1020:9433958	SUPPORT	NOT_ENOUGH_INFO	0.01781478524208069	0.0001974331244127825	0.9819877743721008
scifact	microsoft/BiomedNLP-BiomedBERT-base-uncased-abstract-fulltext	frozen_mean_zscore_lr_c1.0_cwnone_selected_on_scifact_inner_val	dev	1021:9433958	CONTRADICT	NOT_ENOUGH_INFO	0.008475612848997116	0.00019432710541877896	0.9913301467895508
scifact	microsoft/BiomedNLP-BiomedBERT-base-uncased-abstract-fulltext	frozen_mean_zscore_lr_c1.0_cwnone_selected_on_scifact_inner_val	dev	1024:5373138	SUPPORT	NOT_ENOUGH_INFO	0.016451027244329453	4.03294870920945e-06	0.9835450053215027
scifact	microsoft/BiomedNLP-BiomedBERT-base-uncased-abstract-fulltext	frozen_mean_zscore_lr_c1.0_cwnone_selected_on_scifact_inner_val	dev	1029:11899391	CONTRADICT	SUPPORT	0.9807848930358887	0.01722739264369011	0.0019877133890986443
scifact	microsoft/BiomedNLP-BiomedBERT-base-uncased-abstract-fulltext	frozen_mean_zscore_lr_c1.0_cwnone_selected_on_scifact_inner_val	dev	1029:13923140	CONTRADICT	SUPPORT	0.5885589122772217	0.019938575103878975	0.3915025293827057
scifact	microsoft/BiomedNLP-BiomedBERT-base-uncased-abstract-fulltext	frozen_mean_zscore_lr_c1.0_cwnone_selected_on_scifact_inner_val	dev	1029:13940200	CONTRADICT	SUPPORT	0.9564546942710876	0.00016289495397359133	0.04338240250945091
scifact	microsoft/BiomedNLP-BiomedBERT-base-uncased-abstract-fulltext	frozen_mean_zscore_lr_c1.0_cwnone_selected_on_scifact_inner_val	dev	1041:16626264	NOT_ENOUGH_INFO	NOT_ENOUGH_INFO	0.018430130556225777	0.0008422230603173375	0.9807276725769043
scifact	microsoft/BiomedNLP-BiomedBERT-base-uncased-abstract-fulltext	frozen_mean_zscore_lr_c1.0_cwnone_selected_on_scifact_inner_val	dev	1041:25254425	CONTRADICT	SUPPORT	0.8519458174705505	0.05173738673329353	0.09631676226854324
scifact	microsoft/BiomedNLP-BiomedBERT-base-uncased-abstract-fulltext	frozen_mean_zscore_lr_c1.0_cwnone_selected_on_scifact_inner_val	dev	1049:12486491	CONTRADICT	SUPPORT	0.8734244108200073	0.000366289634257555	0.1262092888355255
scifact	microsoft/BiomedNLP-BiomedBERT-base-uncased-abstract-fulltext	frozen_mean_zscore_lr_c1.0_cwnone_selected_on_scifact_inner_val	dev	1062:20381484	SUPPORT	NOT_ENOUGH_INFO	0.22540992498397827	0.002373978728428483	0.7722160816192627
scifact	microsoft/BiomedNLP-BiomedBERT-base-uncased-abstract-fulltext	frozen_mean_zscore_lr_c1.0_cwnone_selected_on_scifact_inner_val	dev	1086:39281140	SUPPORT	CONTRADICT	0.32323944568634033	0.6562660336494446	0.020494481548666954
scifact	microsoft/BiomedNLP-BiomedBERT-base-uncased-abstract-fulltext	frozen_mean_zscore_lr_c1.0_cwnone_selected_on_scifact_inner_val	dev	1088:37549932	CONTRADICT	SUPPORT	0.6896987557411194	0.248071551322937	0.0622297078371048
scifact	microsoft/BiomedNLP-BiomedBERT-base-uncased-abstract-fulltext	frozen_mean_zscore_lr_c1.0_cwnone_selected_on_scifact_inner_val	dev	1089:17628888	SUPPORT	CONTRADICT	0.04239053279161453	0.9317147731781006	0.02589469589293003
scifact	microsoft/BiomedNLP-BiomedBERT-base-uncased-abstract-fulltext	frozen_mean_zscore_lr_c1.0_cwnone_selected_on_scifact_inner_val	dev	1099:7662206	NOT_ENOUGH_INFO	CONTRADICT	0.16911029815673828	0.6118496656417847	0.21904000639915466
scifact	microsoft/BiomedNLP-BiomedBERT-base-uncased-abstract-fulltext	frozen_mean_zscore_lr_c1.0_cwnone_selected_on_scifact_inner_val	dev	1100:7662206	NOT_ENOUGH_INFO	CONTRADICT	0.11348568648099899	0.6842995882034302	0.20221474766731262
scifact	microsoft/BiomedNLP-BiomedBERT-base-uncased-abstract-fulltext	frozen_mean_zscore_lr_c1.0_cwnone_selected_on_scifact_inner_val	dev	1104:3898784	SUPPORT	CONTRADICT	0.006798436865210533	0.993196964263916	4.622400865628151e-06
scifact	microsoft/BiomedNLP-BiomedBERT-base-uncased-abstract-fulltext	frozen_mean_zscore_lr_c1.0_cwnone_selected_on_scifact_inner_val	dev	1107:20532591	SUPPORT	NOT_ENOUGH_INFO	0.0005168535863049328	0.09240178763866425	0.9070813059806824
scifact	microsoft/BiomedNLP-BiomedBERT-base-uncased-abstract-fulltext	frozen_mean_zscore_lr_c1.0_cwnone_selected_on_scifact_inner_val	dev	1110:13770184	CONTRADICT	NOT_ENOUGH_INFO	0.34826070070266724	0.012270036153495312	0.6394692659378052
scifact	microsoft/BiomedNLP-BiomedBERT-base-uncased-abstract-fulltext	frozen_mean_zscore_lr_c1.0_cwnone_selected_on_scifact_inner_val	dev	1121:4456756	SUPPORT	SUPPORT	0.9930346012115479	0.0007458417094312608	0.0062195369973778725
scifact	microsoft/BiomedNLP-BiomedBERT-base-uncased-abstract-fulltext	frozen_mean_zscore_lr_c1.0_cwnone_selected_on_scifact_inner_val	dev	1130:17997584	CONTRADICT	SUPPORT	1.0	3.4426811401644386e-10	2.1600909949626157e-09
scifact	microsoft/BiomedNLP-BiomedBERT-base-uncased-abstract-fulltext	frozen_mean_zscore_lr_c1.0_cwnone_selected_on_scifact_inner_val	dev	1132:9283422	NOT_ENOUGH_INFO	NOT_ENOUGH_INFO	0.0035617882385849953	7.070253104757285e-06	0.9964311122894287
scifact	microsoft/BiomedNLP-BiomedBERT-base-uncased-abstract-fulltext	frozen_mean_zscore_lr_c1.0_cwnone_selected_on_scifact_inner_val	dev	1132:33499189	SUPPORT	SUPPORT	0.7327474355697632	0.014598538167774677	0.2526540160179138
scifact	microsoft/BiomedNLP-BiomedBERT-base-uncased-abstract-fulltext	frozen_mean_zscore_lr_c1.0_cwnone_selected_on_scifact_inner_val	dev	1137:33370	CONTRADICT	SUPPORT	0.6055773496627808	0.37338221073150635	0.021040456369519234
scifact	microsoft/BiomedNLP-BiomedBERT-base-uncased-abstract-fulltext	frozen_mean_zscore_lr_c1.0_cwnone_selected_on_scifact_inner_val	dev	1140:12009265	CONTRADICT	SUPPORT	0.513530433177948	0.4864049255847931	6.462390592787415e-05
scifact	microsoft/BiomedNLP-BiomedBERT-base-uncased-abstract-fulltext	frozen_mean_zscore_lr_c1.0_cwnone_selected_on_scifact_inner_val	dev	1144:10071552	CONTRADICT	SUPPORT	0.6576029062271118	0.3289782702922821	0.013418843038380146
scifact	microsoft/BiomedNLP-BiomedBERT-base-uncased-abstract-fulltext	frozen_mean_zscore_lr_c1.0_cwnone_selected_on_scifact_inner_val	dev	1146:13906581	SUPPORT	SUPPORT	0.6315451264381409	0.08573372662067413	0.2827211320400238
scifact	microsoft/BiomedNLP-BiomedBERT-base-uncased-abstract-fulltext	frozen_mean_zscore_lr_c1.0_cwnone_selected_on_scifact_inner_val	dev	1150:11369420	SUPPORT	SUPPORT	0.7125544548034668	2.593430281194742e-06	0.2874429523944855
scifact	microsoft/BiomedNLP-BiomedBERT-base-uncased-abstract-fulltext	frozen_mean_zscore_lr_c1.0_cwnone_selected_on_scifact_inner_val	dev	1163:15305881	SUPPORT	SUPPORT	0.8180330991744995	1.1497469131427351e-05	0.18195536732673645
scifact	microsoft/BiomedNLP-BiomedBERT-base-uncased-abstract-fulltext	frozen_mean_zscore_lr_c1.0_cwnone_selected_on_scifact_inner_val	dev	1175:31272411	NOT_ENOUGH_INFO	NOT_ENOUGH_INFO	0.0025666735600680113	5.391511876950972e-05	0.9973795413970947
scifact	microsoft/BiomedNLP-BiomedBERT-base-uncased-abstract-fulltext	frozen_mean_zscore_lr_c1.0_cwnone_selected_on_scifact_inner_val	dev	1179:31272411	NOT_ENOUGH_INFO	NOT_ENOUGH_INFO	0.00042168042273260653	1.0873461178562138e-05	0.999567449092865
scifact	microsoft/BiomedNLP-BiomedBERT-base-uncased-abstract-fulltext	frozen_mean_zscore_lr_c1.0_cwnone_selected_on_scifact_inner_val	dev	1180:31272411	SUPPORT	NOT_ENOUGH_INFO	0.001339621259830892	4.177384835202247e-05	0.9986186027526855
scifact	microsoft/BiomedNLP-BiomedBERT-base-uncased-abstract-fulltext	frozen_mean_zscore_lr_c1.0_cwnone_selected_on_scifact_inner_val	dev	1185:16737210	SUPPORT	CONTRADICT	0.04014475271105766	0.9597384333610535	0.00011685634672176093
scifact	microsoft/BiomedNLP-BiomedBERT-base-uncased-abstract-fulltext	frozen_mean_zscore_lr_c1.0_cwnone_selected_on_scifact_inner_val	dev	1187:52873726	SUPPORT	CONTRADICT	5.35845902049914e-05	0.9347895383834839	0.06515679508447647
scifact	microsoft/BiomedNLP-BiomedBERT-base-uncased-abstract-fulltext	frozen_mean_zscore_lr_c1.0_cwnone_selected_on_scifact_inner_val	dev	1191:30655442	NOT_ENOUGH_INFO	NOT_ENOUGH_INFO	3.966671647503972e-05	0.004622240550816059	0.9953380823135376
scifact	microsoft/BiomedNLP-BiomedBERT-base-uncased-abstract-fulltext	frozen_mean_zscore_lr_c1.0_cwnone_selected_on_scifact_inner_val	dev	1194:11419230	NOT_ENOUGH_INFO	NOT_ENOUGH_INFO	2.202952964580618e-05	7.921997166704386e-06	0.9999700784683228
scifact	microsoft/BiomedNLP-BiomedBERT-base-uncased-abstract-fulltext	frozen_mean_zscore_lr_c1.0_cwnone_selected_on_scifact_inner_val	dev	1196:25649714	NOT_ENOUGH_INFO	NOT_ENOUGH_INFO	0.000615337339695543	0.001227287924848497	0.9981574416160583
scifact	microsoft/BiomedNLP-BiomedBERT-base-uncased-abstract-fulltext	frozen_mean_zscore_lr_c1.0_cwnone_selected_on_scifact_inner_val	dev	1197:25649714	NOT_ENOUGH_INFO	NOT_ENOUGH_INFO	0.00033925281604751945	0.0021550324745476246	0.9975057244300842
scifact	microsoft/BiomedNLP-BiomedBERT-base-uncased-abstract-fulltext	frozen_mean_zscore_lr_c1.0_cwnone_selected_on_scifact_inner_val	dev	1199:16760369	NOT_ENOUGH_INFO	SUPPORT	0.9941986799240112	0.005709376651793718	9.18892546906136e-05
scifact	microsoft/BiomedNLP-BiomedBERT-base-uncased-abstract-fulltext	frozen_mean_zscore_lr_c1.0_cwnone_selected_on_scifact_inner_val	dev	1200:3441524	NOT_ENOUGH_INFO	NOT_ENOUGH_INFO	0.00011281888873782009	5.3564610524858836e-09	0.9998871088027954
scifact	microsoft/BiomedNLP-BiomedBERT-base-uncased-abstract-fulltext	frozen_mean_zscore_lr_c1.0_cwnone_selected_on_scifact_inner_val	dev	1202:3475317	SUPPORT	SUPPORT	0.9904769659042358	0.00013815687270835042	0.009384822100400925
scifact	microsoft/BiomedNLP-BiomedBERT-base-uncased-abstract-fulltext	frozen_mean_zscore_lr_c1.0_cwnone_selected_on_scifact_inner_val	dev	1204:31141365	NOT_ENOUGH_INFO	SUPPORT	0.5395404100418091	0.010460387915372849	0.4499991834163666
scifact	microsoft/BiomedNLP-BiomedBERT-base-uncased-abstract-fulltext	frozen_mean_zscore_lr_c1.0_cwnone_selected_on_scifact_inner_val	dev	1207:18909530	NOT_ENOUGH_INFO	NOT_ENOUGH_INFO	0.0013608024455606937	0.005168450530618429	0.9934707880020142
scifact	microsoft/BiomedNLP-BiomedBERT-base-uncased-abstract-fulltext	frozen_mean_zscore_lr_c1.0_cwnone_selected_on_scifact_inner_val	dev	1213:14407673	NOT_ENOUGH_INFO	NOT_ENOUGH_INFO	0.4348021447658539	0.00794936716556549	0.5572484731674194
scifact	microsoft/BiomedNLP-BiomedBERT-base-uncased-abstract-fulltext	frozen_mean_zscore_lr_c1.0_cwnone_selected_on_scifact_inner_val	dev	1216:24142891	SUPPORT	SUPPORT	0.9775857925415039	0.006040723994374275	0.01637350209057331
scifact	microsoft/BiomedNLP-BiomedBERT-base-uncased-abstract-fulltext	frozen_mean_zscore_lr_c1.0_cwnone_selected_on_scifact_inner_val	dev	1221:19736671	CONTRADICT	SUPPORT	0.9965834021568298	0.00339488941244781	2.17059459828306e-05
scifact	microsoft/BiomedNLP-BiomedBERT-base-uncased-abstract-fulltext	frozen_mean_zscore_lr_c1.0_cwnone_selected_on_scifact_inner_val	dev	1225:9650982	SUPPORT	SUPPORT	0.9998107552528381	2.072677141029544e-08	0.00018923648167401552
scifact	microsoft/BiomedNLP-BiomedBERT-base-uncased-abstract-fulltext	frozen_mean_zscore_lr_c1.0_cwnone_selected_on_scifact_inner_val	dev	1226:13777138	NOT_ENOUGH_INFO	SUPPORT	0.9425334334373474	0.039576318114995956	0.017890270799398422
scifact	microsoft/BiomedNLP-BiomedBERT-base-uncased-abstract-fulltext	frozen_mean_zscore_lr_c1.0_cwnone_selected_on_scifact_inner_val	dev	1232:13905670	CONTRADICT	SUPPORT	0.9888211488723755	0.00012303753464948386	0.011055747047066689
scifact	microsoft/BiomedNLP-BiomedBERT-base-uncased-abstract-fulltext	frozen_mean_zscore_lr_c1.0_cwnone_selected_on_scifact_inner_val	dev	1241:4427392	SUPPORT	CONTRADICT	0.04043358564376831	0.9170432090759277	0.04252322390675545
scifact	microsoft/BiomedNLP-BiomedBERT-base-uncased-abstract-fulltext	frozen_mean_zscore_lr_c1.0_cwnone_selected_on_scifact_inner_val	dev	1245:7662395	NOT_ENOUGH_INFO	CONTRADICT	0.028212804347276688	0.9122169017791748	0.059570226818323135
scifact	microsoft/BiomedNLP-BiomedBERT-base-uncased-abstract-fulltext	frozen_mean_zscore_lr_c1.0_cwnone_selected_on_scifact_inner_val	dev	1259:24341590	SUPPORT	SUPPORT	0.5085521340370178	0.4721129834651947	0.01933485083281994
scifact	microsoft/BiomedNLP-BiomedBERT-base-uncased-abstract-fulltext	frozen_mean_zscore_lr_c1.0_cwnone_selected_on_scifact_inner_val	dev	1262:44172171	SUPPORT	SUPPORT	0.9999654293060303	9.284809721066267e-08	3.442269007791765e-05
scifact	microsoft/BiomedNLP-BiomedBERT-base-uncased-abstract-fulltext	frozen_mean_zscore_lr_c1.0_cwnone_selected_on_scifact_inner_val	dev	1266:37480103	SUPPORT	CONTRADICT	0.0026240162551403046	0.9972242116928101	0.00015175661246757954
scifact	microsoft/BiomedNLP-BiomedBERT-base-uncased-abstract-fulltext	frozen_mean_zscore_lr_c1.0_cwnone_selected_on_scifact_inner_val	dev	1270:13900610	CONTRADICT	SUPPORT	0.951693058013916	0.0008982139406725764	0.04740876704454422
scifact	microsoft/BiomedNLP-BiomedBERT-base-uncased-abstract-fulltext	frozen_mean_zscore_lr_c1.0_cwnone_selected_on_scifact_inner_val	dev	1271:13768432	SUPPORT	NOT_ENOUGH_INFO	1.0759442830021726e-06	0.00010424989159218967	0.9998946189880371
scifact	microsoft/BiomedNLP-BiomedBERT-base-uncased-abstract-fulltext	frozen_mean_zscore_lr_c1.0_cwnone_selected_on_scifact_inner_val	dev	1272:17081238	NOT_ENOUGH_INFO	NOT_ENOUGH_INFO	2.7074365789303556e-05	0.00016003313066903502	0.99981290102005
scifact	microsoft/BiomedNLP-BiomedBERT-base-uncased-abstract-fulltext	frozen_mean_zscore_lr_c1.0_cwnone_selected_on_scifact_inner_val	dev	1273:11041152	SUPPORT	CONTRADICT	0.09950030595064163	0.900496244430542	3.3978371902776416e-06
scifact	microsoft/BiomedNLP-BiomedBERT-base-uncased-abstract-fulltext	frozen_mean_zscore_lr_c1.0_cwnone_selected_on_scifact_inner_val	dev	1274:4406819	SUPPORT	SUPPORT	0.9845906496047974	0.00030499810236506164	0.015104392543435097
scifact	microsoft/BiomedNLP-BiomedBERT-base-uncased-abstract-fulltext	frozen_mean_zscore_lr_c1.0_cwnone_selected_on_scifact_inner_val	dev	1274:12428814	NOT_ENOUGH_INFO	SUPPORT	0.916738748550415	9.398116162628867e-06	0.08325182646512985
scifact	microsoft/BiomedNLP-BiomedBERT-base-uncased-abstract-fulltext	frozen_mean_zscore_lr_c1.0_cwnone_selected_on_scifact_inner_val	dev	1274:27731651	NOT_ENOUGH_INFO	NOT_ENOUGH_INFO	0.014352379366755486	0.013818524777889252	0.9718291759490967
scifact	microsoft/BiomedNLP-BiomedBERT-base-uncased-abstract-fulltext	frozen_mean_zscore_lr_c1.0_cwnone_selected_on_scifact_inner_val	dev	1278:11335781	NOT_ENOUGH_INFO	NOT_ENOUGH_INFO	0.001580144395120442	0.0003757784725166857	0.9980441331863403
scifact	microsoft/BiomedNLP-BiomedBERT-base-uncased-abstract-fulltext	frozen_mean_zscore_lr_c1.0_cwnone_selected_on_scifact_inner_val	dev	1279:11335781	NOT_ENOUGH_INFO	NOT_ENOUGH_INFO	0.0002605936606414616	9.591204434400424e-05	0.9996434450149536
scifact	microsoft/BiomedNLP-BiomedBERT-base-uncased-abstract-fulltext	frozen_mean_zscore_lr_c1.0_cwnone_selected_on_scifact_inner_val	dev	1280:4387784	NOT_ENOUGH_INFO	NOT_ENOUGH_INFO	0.0013902956852689385	0.0006640336941927671	0.9979456067085266
scifact	microsoft/BiomedNLP-BiomedBERT-base-uncased-abstract-fulltext	frozen_mean_zscore_lr_c1.0_cwnone_selected_on_scifact_inner_val	dev	1281:4387784	NOT_ENOUGH_INFO	NOT_ENOUGH_INFO	0.00036138048744760454	0.000229388359002769	0.9994093179702759
scifact	microsoft/BiomedNLP-BiomedBERT-base-uncased-abstract-fulltext	frozen_mean_zscore_lr_c1.0_cwnone_selected_on_scifact_inner_val	dev	1282:23649163	NOT_ENOUGH_INFO	NOT_ENOUGH_INFO	2.423786645522341e-05	0.0005426188581623137	0.9994332194328308
scifact	microsoft/BiomedNLP-BiomedBERT-base-uncased-abstract-fulltext	frozen_mean_zscore_lr_c1.0_cwnone_selected_on_scifact_inner_val	dev	1290:4687948	SUPPORT	CONTRADICT	0.00016199391393456608	0.9998371601104736	8.81529672369652e-07
scifact	microsoft/BiomedNLP-BiomedBERT-base-uncased-abstract-fulltext	frozen_mean_zscore_lr_c1.0_cwnone_selected_on_scifact_inner_val	dev	1292:56893404	NOT_ENOUGH_INFO	NOT_ENOUGH_INFO	0.012462952174246311	0.002067366149276495	0.9854696989059448
scifact	microsoft/BiomedNLP-BiomedBERT-base-uncased-abstract-fulltext	frozen_mean_zscore_lr_c1.0_cwnone_selected_on_scifact_inner_val	dev	1298:11718220	SUPPORT	NOT_ENOUGH_INFO	0.4693549871444702	0.0009998464956879616	0.5296451449394226
scifact	microsoft/BiomedNLP-BiomedBERT-base-uncased-abstract-fulltext	frozen_mean_zscore_lr_c1.0_cwnone_selected_on_scifact_inner_val	dev	1303:12631697	CONTRADICT	NOT_ENOUGH_INFO	0.1280461549758911	0.025402262806892395	0.8465515375137329
scifact	microsoft/BiomedNLP-BiomedBERT-base-uncased-abstract-fulltext	frozen_mean_zscore_lr_c1.0_cwnone_selected_on_scifact_inner_val	dev	1316:27910499	NOT_ENOUGH_INFO	NOT_ENOUGH_INFO	0.16039559245109558	0.0016716769896447659	0.8379327654838562
scifact	microsoft/BiomedNLP-BiomedBERT-base-uncased-abstract-fulltext	frozen_mean_zscore_lr_c1.0_cwnone_selected_on_scifact_inner_val	dev	1319:16284655	SUPPORT	SUPPORT	0.8173171877861023	0.10580378770828247	0.07687897980213165
scifact	microsoft/BiomedNLP-BiomedBERT-base-uncased-abstract-fulltext	frozen_mean_zscore_lr_c1.0_cwnone_selected_on_scifact_inner_val	dev	1320:16284655	CONTRADICT	SUPPORT	0.5449305176734924	0.3640715479850769	0.09099797904491425
scifact	microsoft/BiomedNLP-BiomedBERT-base-uncased-abstract-fulltext	frozen_mean_zscore_lr_c1.0_cwnone_selected_on_scifact_inner_val	dev	1332:5304891	NOT_ENOUGH_INFO	NOT_ENOUGH_INFO	0.007310135290026665	9.595992014510557e-05	0.9925939440727234
scifact	microsoft/BiomedNLP-BiomedBERT-base-uncased-abstract-fulltext	frozen_mean_zscore_lr_c1.0_cwnone_selected_on_scifact_inner_val	dev	1335:27910499	SUPPORT	NOT_ENOUGH_INFO	0.12832841277122498	0.001977180363610387	0.8696944117546082
scifact	microsoft/BiomedNLP-BiomedBERT-base-uncased-abstract-fulltext	frozen_mean_zscore_lr_c1.0_cwnone_selected_on_scifact_inner_val	dev	1336:27910499	CONTRADICT	NOT_ENOUGH_INFO	0.0527186244726181	0.0036961582954972982	0.9435852766036987
scifact	microsoft/BiomedNLP-BiomedBERT-base-uncased-abstract-fulltext	frozen_mean_zscore_lr_c1.0_cwnone_selected_on_scifact_inner_val	dev	1337:20231138	SUPPORT	NOT_ENOUGH_INFO	0.06400536000728607	0.45008549094200134	0.4859091341495514
scifact	microsoft/BiomedNLP-BiomedBERT-base-uncased-abstract-fulltext	frozen_mean_zscore_lr_c1.0_cwnone_selected_on_scifact_inner_val	dev	1339:15482274	CONTRADICT	SUPPORT	0.9777626395225525	0.022233694791793823	3.6172020827507367e-06
scifact	microsoft/BiomedNLP-BiomedBERT-base-uncased-abstract-fulltext	frozen_mean_zscore_lr_c1.0_cwnone_selected_on_scifact_inner_val	dev	1344:9559146	NOT_ENOUGH_INFO	NOT_ENOUGH_INFO	3.4614022297319025e-06	0.3014034628868103	0.698593020439148
scifact	microsoft/BiomedNLP-BiomedBERT-base-uncased-abstract-fulltext	frozen_mean_zscore_lr_c1.0_cwnone_selected_on_scifact_inner_val	dev	1352:12885341	SUPPORT	NOT_ENOUGH_INFO	0.0006297346553765237	0.0004458940529730171	0.9989244341850281
scifact	microsoft/BiomedNLP-BiomedBERT-base-uncased-abstract-fulltext	frozen_mean_zscore_lr_c1.0_cwnone_selected_on_scifact_inner_val	dev	1359:11614737	CONTRADICT	SUPPORT	0.5154533982276917	0.4845258891582489	2.075273914670106e-05
scifact	microsoft/BiomedNLP-BiomedBERT-base-uncased-abstract-fulltext	frozen_mean_zscore_lr_c1.0_cwnone_selected_on_scifact_inner_val	dev	1362:8290953	NOT_ENOUGH_INFO	NOT_ENOUGH_INFO	0.33569207787513733	0.0015518204309046268	0.6627560257911682
scifact	microsoft/BiomedNLP-BiomedBERT-base-uncased-abstract-fulltext	frozen_mean_zscore_lr_c1.0_cwnone_selected_on_scifact_inner_val	dev	1363:8290953	NOT_ENOUGH_INFO	NOT_ENOUGH_INFO	0.10590873658657074	0.0007763574831187725	0.8933149576187134
scifact	microsoft/BiomedNLP-BiomedBERT-base-uncased-abstract-fulltext	frozen_mean_zscore_lr_c1.0_cwnone_selected_on_scifact_inner_val	dev	1368:2425364	SUPPORT	SUPPORT	0.9861932396888733	0.01380670815706253	7.447143346439589e-09
scifact	microsoft/BiomedNLP-BiomedBERT-base-uncased-abstract-fulltext	frozen_mean_zscore_lr_c1.0_cwnone_selected_on_scifact_inner_val	dev	1370:2425364	CONTRADICT	SUPPORT	0.9193775057792664	0.08062247186899185	2.2116427800256133e-08
scifact	microsoft/BiomedNLP-BiomedBERT-base-uncased-abstract-fulltext	frozen_mean_zscore_lr_c1.0_cwnone_selected_on_scifact_inner_val	dev	1379:16322674	SUPPORT	CONTRADICT	0.025026390329003334	0.9589331150054932	0.016040464863181114
scifact	microsoft/BiomedNLP-BiomedBERT-base-uncased-abstract-fulltext	frozen_mean_zscore_lr_c1.0_cwnone_selected_on_scifact_inner_val	dev	1379:17450673	SUPPORT	CONTRADICT	0.07317008823156357	0.9268299341201782	1.440662589224928e-10
scifact	microsoft/BiomedNLP-BiomedBERT-base-uncased-abstract-fulltext	frozen_mean_zscore_lr_c1.0_cwnone_selected_on_scifact_inner_val	dev	1379:23557241	SUPPORT	CONTRADICT	0.06589873880147934	0.9340759515762329	2.537632462917827e-05
scifact	microsoft/BiomedNLP-BiomedBERT-base-uncased-abstract-fulltext	frozen_mean_zscore_lr_c1.0_cwnone_selected_on_scifact_inner_val	dev	1379:27123743	SUPPORT	CONTRADICT	0.14101432263851166	0.855246365070343	0.003739367239177227
scifact	microsoft/BiomedNLP-BiomedBERT-base-uncased-abstract-fulltext	frozen_mean_zscore_lr_c1.0_cwnone_selected_on_scifact_inner_val	dev	1382:17755060	CONTRADICT	SUPPORT	0.7192043662071228	0.01933874934911728	0.26145684719085693
scifact	microsoft/BiomedNLP-BiomedBERT-base-uncased-abstract-fulltext	frozen_mean_zscore_lr_c1.0_cwnone_selected_on_scifact_inner_val	dev	1385:306006	SUPPORT	CONTRADICT	0.31109076738357544	0.6747205257415771	0.014188701286911964
scifact	microsoft/BiomedNLP-BiomedBERT-base-uncased-abstract-fulltext	frozen_mean_zscore_lr_c1.0_cwnone_selected_on_scifact_inner_val	dev	1389:23895668	SUPPORT	SUPPORT	0.9992961883544922	0.0007037080940790474	1.3375610308230534e-07
scifact	microsoft/BiomedNLP-BiomedBERT-base-uncased-abstract-fulltext	frozen_mean_zscore_lr_c1.0_cwnone_selected_on_scifact_inner_val	dev	1395:17717391	NOT_ENOUGH_INFO	NOT_ENOUGH_INFO	2.0067791410838254e-05	2.161745032935869e-05	0.9999583959579468
