case_audit_id	pmid	pubmed_url	question	gold_label	agent_distribution	agent_majority	random_distribution	random_majority	audit_sampling_stratum	reviewer_id	case_audit_provenance	abstract_conclusion_support	evidence_type	linguistic_cue	agent_effect_category	label_ambiguity	context_sufficient_for_judgment	safe_manuscript_use	reviewer_confidence	reviewer_note
BMC-CASE-001	10381996	https://pubmed.ncbi.nlm.nih.gov/10381996/	Clinician assessment for acute chest syndrome in febrile patients with sickle cell disease: is it accurate enough?	no	yes:1/5,no:4/5,maybe:0/5	no	yes:3/5,no:2/5,maybe:0/5	yes	agent_corrected_random_yes_collapse_no	supervisor_informed_standardized_20260507	User-reported supervisor-informed review followed by controlled-field standardization; not automated-only adjudication, not independent expert consensus, and not a new PubMedQA gold standard.	supports_no	diagnostic_or_biomarker	explicit_no_effect	corrected_yes_collapse	no	yes	main_text	high	Abstract clearly rejects unaided clinician assessment accuracy and the agent shifted the majority from random yes to no.
BMC-CASE-002	10593212	https://pubmed.ncbi.nlm.nih.gov/10593212/	Does loss of consciousness predict neuropsychological decrements after concussion?	no	yes:2/5,no:3/5,maybe:0/5	no	yes:5/5,no:0/5,maybe:0/5	yes	agent_corrected_random_yes_collapse_no	supervisor_informed_standardized_20260507	User-reported supervisor-informed review followed by controlled-field standardization; not automated-only adjudication, not independent expert consensus, and not a new PubMedQA gold standard.	supports_no	prognosis	statistical_non_significance	corrected_yes_collapse	no	yes	main_text	high	No neuropsychological differences by LOC were reported, making this a clean no-collapse correction example.
BMC-CASE-003	10781708	https://pubmed.ncbi.nlm.nih.gov/10781708/	Thrombosis prophylaxis in hospitalised medical patients: does prophylaxis in all patients make sense?	no	yes:2/5,no:3/5,maybe:0/5	no	yes:5/5,no:0/5,maybe:0/5	yes	agent_corrected_random_yes_collapse_no	supervisor_informed_standardized_20260507	User-reported supervisor-informed review followed by controlled-field standardization; not automated-only adjudication, not independent expert consensus, and not a new PubMedQA gold standard.	supports_no	intervention_or_comparative	qualified_conclusion	corrected_yes_collapse	no	yes	supplement_only	high	The conclusion says prophylaxis for all medical inpatients is not justified, although a cancer subgroup is noted.
BMC-CASE-004	11926574	https://pubmed.ncbi.nlm.nih.gov/11926574/	Are hepatitis G virus and TT virus involved in cryptogenic chronic liver disease?	no	yes:2/5,no:3/5,maybe:0/5	no	yes:4/5,no:1/5,maybe:0/5	yes	agent_corrected_random_yes_collapse_no	supervisor_informed_standardized_20260507	User-reported supervisor-informed review followed by controlled-field standardization; not automated-only adjudication, not independent expert consensus, and not a new PubMedQA gold standard.	supports_no	observational_association	statistical_non_significance	corrected_yes_collapse	no	yes	supplement_only	moderate	The abstract rules out an etiologic role for hepatitis G virus, but the multi-virus framing is less simple for readers.
BMC-CASE-005	16510651	https://pubmed.ncbi.nlm.nih.gov/16510651/	Birth characteristics and risk of low intellectual performance in early adulthood: are the associations confounded by socioeconomic factors in adolescence or familial effects?	no	yes:2/5,no:3/5,maybe:0/5	no	yes:5/5,no:0/5,maybe:0/5	yes	agent_corrected_random_yes_collapse_no	supervisor_informed_standardized_20260507	User-reported supervisor-informed review followed by controlled-field standardization; not automated-only adjudication, not independent expert consensus, and not a new PubMedQA gold standard.	supports_no	observational_association	qualified_conclusion	corrected_yes_collapse	uncertain	yes	supplement_only	moderate	The abstract supports no full socioeconomic or familial confounding, but the question requires careful semantic reading.
BMC-CASE-006	18435678	https://pubmed.ncbi.nlm.nih.gov/18435678/	Kell alloimmunization in pregnancy: associated with fetal thrombocytopenia?	no	yes:1/5,no:4/5,maybe:0/5	no	yes:5/5,no:0/5,maybe:0/5	yes	agent_corrected_random_yes_collapse_no	supervisor_informed_standardized_20260507	User-reported supervisor-informed review followed by controlled-field standardization; not automated-only adjudication, not independent expert consensus, and not a new PubMedQA gold standard.	supports_no	observational_association	explicit_no_effect	corrected_yes_collapse	no	yes	supplement_only	high	Kell alloimmunization was not associated with substantial fetal thrombocytopenia in the conclusion.
BMC-CASE-007	18926458	https://pubmed.ncbi.nlm.nih.gov/18926458/	Are octogenarians at high risk for carotid endarterectomy?	no	yes:2/5,no:3/5,maybe:0/5	no	yes:5/5,no:0/5,maybe:0/5	yes	agent_corrected_random_yes_collapse_no	supervisor_informed_standardized_20260507	User-reported supervisor-informed review followed by controlled-field standardization; not automated-only adjudication, not independent expert consensus, and not a new PubMedQA gold standard.	supports_no	procedure_or_surgery	qualified_conclusion	corrected_yes_collapse	no	yes	supplement_only	high	Age alone is stated not to place patients in a high-risk category for carotid endarterectomy.
BMC-CASE-008	19459018	https://pubmed.ncbi.nlm.nih.gov/19459018/	Very high serum CA 19-9 levels: a contraindication to pancreaticoduodenectomy?	no	yes:1/5,no:4/5,maybe:0/5	no	yes:5/5,no:0/5,maybe:0/5	yes	agent_corrected_random_yes_collapse_no	supervisor_informed_standardized_20260507	User-reported supervisor-informed review followed by controlled-field standardization; not automated-only adjudication, not independent expert consensus, and not a new PubMedQA gold standard.	supports_no	diagnostic_or_biomarker	qualified_conclusion	corrected_yes_collapse	no	yes	supplement_only	high	The biomarker level by itself is stated not to preclude surgery after careful staging.
BMC-CASE-009	20304513	https://pubmed.ncbi.nlm.nih.gov/20304513/	Is (18)F-FDG a surrogate tracer to measure tumor hypoxia?	no	yes:1/5,no:4/5,maybe:0/5	no	yes:5/5,no:0/5,maybe:0/5	yes	agent_corrected_random_yes_collapse_no	supervisor_informed_standardized_20260507	User-reported supervisor-informed review followed by controlled-field standardization; not automated-only adjudication, not independent expert consensus, and not a new PubMedQA gold standard.	supports_no	diagnostic_or_biomarker	explicit_no_effect	corrected_yes_collapse	no	yes	main_text	high	The abstract directly states that FDG is not a good surrogate tracer for tumor hypoxia.
BMC-CASE-010	22813804	https://pubmed.ncbi.nlm.nih.gov/22813804/	Does obesity impact the pattern and outcome of trauma in children?	no	yes:2/5,no:3/5,maybe:0/5	no	yes:5/5,no:0/5,maybe:0/5	yes	agent_corrected_random_yes_collapse_no	supervisor_informed_standardized_20260507	User-reported supervisor-informed review followed by controlled-field standardization; not automated-only adjudication, not independent expert consensus, and not a new PubMedQA gold standard.	label_ambiguous	observational_association	mixed_outcome	both_wrong_or_ambiguous	yes	yes	exclude	moderate	The conclusion is mixed because obesity did not affect outcomes but did affect some injury patterns.
BMC-CASE-011	23449952	https://pubmed.ncbi.nlm.nih.gov/23449952/	Contrast-enhanced MR imaging of hand and finger joints in patients with early rheumatoid arthritis: do we really need a full dose of gadobenate dimeglumine for assessing synovial enhancement at 3 T?	no	yes:2/5,no:3/5,maybe:0/5	no	yes:5/5,no:0/5,maybe:0/5	yes	agent_corrected_random_yes_collapse_no	supervisor_informed_standardized_20260507	User-reported supervisor-informed review followed by controlled-field standardization; not automated-only adjudication, not independent expert consensus, and not a new PubMedQA gold standard.	supports_no	diagnostic_or_biomarker	qualified_conclusion	corrected_yes_collapse	no	yes	supplement_only	moderate	Half-dose imaging may be sufficient, supporting no to full-dose necessity but with cautious wording.
BMC-CASE-012	25592625	https://pubmed.ncbi.nlm.nih.gov/25592625/	Is cardiovascular evaluation necessary prior to and during beta-blocker therapy for infantile hemangiomas?	no	yes:2/5,no:3/5,maybe:0/5	no	yes:5/5,no:0/5,maybe:0/5	yes	agent_corrected_random_yes_collapse_no	supervisor_informed_standardized_20260507	User-reported supervisor-informed review followed by controlled-field standardization; not automated-only adjudication, not independent expert consensus, and not a new PubMedQA gold standard.	label_ambiguous	intervention_or_comparative	mixed_outcome	both_wrong_or_ambiguous	yes	yes	exclude	moderate	Pretreatment ECG is described as limited value, but hypotension during treatment makes the broad evaluation question mixed.
BMC-CASE-013	26113007	https://pubmed.ncbi.nlm.nih.gov/26113007/	Is arch form influenced by sagittal molar relationship or Bolton tooth-size discrepancy?	no	yes:2/5,no:3/5,maybe:0/5	no	yes:5/5,no:0/5,maybe:0/5	yes	agent_corrected_random_yes_collapse_no	supervisor_informed_standardized_20260507	User-reported supervisor-informed review followed by controlled-field standardization; not automated-only adjudication, not independent expert consensus, and not a new PubMedQA gold standard.	supports_no	general_evidence	explicit_no_effect	corrected_yes_collapse	no	yes	supplement_only	high	Arch form is stated to be independent of the listed dental relationship variables.
BMC-CASE-014	26126304	https://pubmed.ncbi.nlm.nih.gov/26126304/	Estradiol and Antagonist Pretreatment Prior to Microdose Leuprolide in in Vitro Fertilization. Does It Improve IVF Outcomes in Poor Responders as Compared to Oral Contraceptive Pill?	no	yes:1/5,no:3/5,maybe:1/5	no	yes:4/5,no:1/5,maybe:0/5	yes	agent_corrected_random_yes_collapse_no	supervisor_informed_standardized_20260507	User-reported supervisor-informed review followed by controlled-field standardization; not automated-only adjudication, not independent expert consensus, and not a new PubMedQA gold standard.	supports_no	intervention_or_comparative	explicit_no_effect	corrected_yes_collapse	no	yes	supplement_only	moderate	The pretreatment strategy did not appear to improve IVF outcomes, although further powered trials were requested.
BMC-CASE-015	27554179	https://pubmed.ncbi.nlm.nih.gov/27554179/	Is routine dissection of the station 9 lymph nodes really necessary for primary lung cancer?	no	yes:0/5,no:5/5,maybe:0/5	no	yes:5/5,no:0/5,maybe:0/5	yes	agent_corrected_random_yes_collapse_no	supervisor_informed_standardized_20260507	User-reported supervisor-informed review followed by controlled-field standardization; not automated-only adjudication, not independent expert consensus, and not a new PubMedQA gold standard.	supports_no	procedure_or_surgery	qualified_conclusion	corrected_yes_collapse	no	yes	main_text	high	Routine station 9 lymph-node dissection is explicitly described as potentially unnecessary in selected lung cancer patients.
BMC-CASE-016	10430303	https://pubmed.ncbi.nlm.nih.gov/10430303/	Does laparoscopic cholecystectomy influence peri-sinusoidal cell activity?	yes	yes:1/5,no:4/5,maybe:0/5	no	yes:5/5,no:0/5,maybe:0/5	yes	agent_overcorrected_clear_or_qualified_yes	supervisor_informed_standardized_20260507	User-reported supervisor-informed review followed by controlled-field standardization; not automated-only adjudication, not independent expert consensus, and not a new PubMedQA gold standard.	supports_yes	procedure_or_surgery	mixed_outcome	overcorrected_yes	uncertain	yes	supplement_only	moderate	The procedure influenced peri-sinusoidal cell activity, but the abstract also states no clinical significance.
BMC-CASE-017	15125825	https://pubmed.ncbi.nlm.nih.gov/15125825/	Starting insulin in type 2 diabetes: continue oral hypoglycemic agents?	yes	yes:1/5,no:4/5,maybe:0/5	no	yes:4/5,no:1/5,maybe:0/5	yes	agent_overcorrected_clear_or_qualified_yes	supervisor_informed_standardized_20260507	User-reported supervisor-informed review followed by controlled-field standardization; not automated-only adjudication, not independent expert consensus, and not a new PubMedQA gold standard.	supports_yes	intervention_or_comparative	positive_association	overcorrected_yes	no	yes	main_text	high	Continuing oral agents with bedtime NPH is clearly described as effective and well tolerated.
BMC-CASE-018	15483019	https://pubmed.ncbi.nlm.nih.gov/15483019/	Is eligibility for a chemotherapy protocol a good prognostic factor for invasive bladder cancer after radical cystectomy?	yes	yes:2/5,no:3/5,maybe:0/5	no	yes:5/5,no:0/5,maybe:0/5	yes	agent_overcorrected_clear_or_qualified_yes	supervisor_informed_standardized_20260507	User-reported supervisor-informed review followed by controlled-field standardization; not automated-only adjudication, not independent expert consensus, and not a new PubMedQA gold standard.	supports_yes	prognosis	qualified_conclusion	overcorrected_yes	uncertain	yes	supplement_only	moderate	Eligibility for chemotherapy protocol is described as prognostic, but the conclusion emphasizes eligibility bias.
BMC-CASE-019	19054501	https://pubmed.ncbi.nlm.nih.gov/19054501/	Is motion perception deficit in schizophrenia a consequence of eye-tracking abnormality?	yes	yes:2/5,no:3/5,maybe:0/5	no	yes:5/5,no:0/5,maybe:0/5	yes	agent_overcorrected_clear_or_qualified_yes	supervisor_informed_standardized_20260507	User-reported supervisor-informed review followed by controlled-field standardization; not automated-only adjudication, not independent expert consensus, and not a new PubMedQA gold standard.	supports_yes	observational_association	positive_association	overcorrected_yes	no	yes	supplement_only	moderate	The abstract supports an eye-tracking related explanation, although the construct is specialized.
BMC-CASE-020	19504993	https://pubmed.ncbi.nlm.nih.gov/19504993/	It's Fournier's gangrene still dangerous?	yes	yes:1/5,no:3/5,maybe:1/5	no	yes:5/5,no:0/5,maybe:0/5	yes	agent_overcorrected_clear_or_qualified_yes	supervisor_informed_standardized_20260507	User-reported supervisor-informed review followed by controlled-field standardization; not automated-only adjudication, not independent expert consensus, and not a new PubMedQA gold standard.	supports_yes	prognosis	positive_association	overcorrected_yes	no	yes	supplement_only	high	Fournier gangrene is described as still a surgical emergency requiring prompt debridement.
BMC-CASE-021	21951591	https://pubmed.ncbi.nlm.nih.gov/21951591/	Motor performance in chronic low back pain: is there an influence of pain-related cognitions?	yes	yes:2/5,no:3/5,maybe:0/5	no	yes:5/5,no:0/5,maybe:0/5	yes	agent_overcorrected_clear_or_qualified_yes	supervisor_informed_standardized_20260507	User-reported supervisor-informed review followed by controlled-field standardization; not automated-only adjudication, not independent expert consensus, and not a new PubMedQA gold standard.	supports_yes	observational_association	positive_association	overcorrected_yes	no	yes	supplement_only	high	Pain-related cognitions are stated to worsen motor task performance in chronic low back pain.
BMC-CASE-022	23379759	https://pubmed.ncbi.nlm.nih.gov/23379759/	Can early second-look tympanoplasty reduce the rate of conversion to modified radical mastoidectomy?	yes	yes:2/5,no:3/5,maybe:0/5	no	yes:5/5,no:0/5,maybe:0/5	yes	agent_overcorrected_clear_or_qualified_yes	supervisor_informed_standardized_20260507	User-reported supervisor-informed review followed by controlled-field standardization; not automated-only adjudication, not independent expert consensus, and not a new PubMedQA gold standard.	supports_yes	procedure_or_surgery	positive_association	overcorrected_yes	no	yes	supplement_only	high	Early second-look tympanoplasty is stated to reduce conversion to open mastoidectomy.
BMC-CASE-023	23453079	https://pubmed.ncbi.nlm.nih.gov/23453079/	Does prostate morphology affect outcomes after holmium laser enucleation?	yes	yes:1/5,no:2/5,maybe:2/5	no	yes:5/5,no:0/5,maybe:0/5	yes	agent_overcorrected_clear_or_qualified_yes	supervisor_informed_standardized_20260507	User-reported supervisor-informed review followed by controlled-field standardization; not automated-only adjudication, not independent expert consensus, and not a new PubMedQA gold standard.	label_ambiguous	procedure_or_surgery	mixed_outcome	increased_instability	yes	yes	exclude	moderate	Only one outcome clearly differs while other outcomes are similar, and the agent predictions are unstable.
BMC-CASE-024	23792130	https://pubmed.ncbi.nlm.nih.gov/23792130/	Can magnetic resonance-ultrasound fusion biopsy improve cancer detection in enlarged prostates?	yes	yes:2/5,no:3/5,maybe:0/5	no	yes:5/5,no:0/5,maybe:0/5	yes	agent_overcorrected_clear_or_qualified_yes	supervisor_informed_standardized_20260507	User-reported supervisor-informed review followed by controlled-field standardization; not automated-only adjudication, not independent expert consensus, and not a new PubMedQA gold standard.	supports_yes	diagnostic_or_biomarker	qualified_conclusion	overcorrected_yes	uncertain	yes	supplement_only	moderate	Fusion biopsy is presented as a promising solution, but the comparison is partly indirect and qualified.
BMC-CASE-025	23810330	https://pubmed.ncbi.nlm.nih.gov/23810330/	Is intraoperative neuromonitoring associated with better functional outcome in patients undergoing open TME?	yes	yes:1/5,no:4/5,maybe:0/5	no	yes:4/5,no:1/5,maybe:0/5	yes	agent_overcorrected_clear_or_qualified_yes	supervisor_informed_standardized_20260507	User-reported supervisor-informed review followed by controlled-field standardization; not automated-only adjudication, not independent expert consensus, and not a new PubMedQA gold standard.	supports_yes	procedure_or_surgery	qualified_conclusion	overcorrected_yes	no	yes	supplement_only	high	IONM was associated with lower dysfunction rates, while randomized trials were still recommended.
BMC-CASE-026	23972333	https://pubmed.ncbi.nlm.nih.gov/23972333/	Has the prevalence of health care services use increased over the last decade (2001-2009) in elderly people?	yes	yes:1/5,no:2/5,maybe:2/5	no	yes:5/5,no:0/5,maybe:0/5	yes	agent_overcorrected_clear_or_qualified_yes	supervisor_informed_standardized_20260507	User-reported supervisor-informed review followed by controlled-field standardization; not automated-only adjudication, not independent expert consensus, and not a new PubMedQA gold standard.	supports_yes	general_evidence	positive_association	increased_instability	no	yes	supplement_only	high	Health service utilization increased, but the agent split across yes, no, and maybe predictions.
BMC-CASE-027	23999452	https://pubmed.ncbi.nlm.nih.gov/23999452/	Does hypoglycaemia increase the risk of cardiovascular events?	yes	yes:0/5,no:5/5,maybe:0/5	no	yes:5/5,no:0/5,maybe:0/5	yes	agent_overcorrected_clear_or_qualified_yes	supervisor_informed_standardized_20260507	User-reported supervisor-informed review followed by controlled-field standardization; not automated-only adjudication, not independent expert consensus, and not a new PubMedQA gold standard.	supports_yes	prognosis	positive_association	overcorrected_yes	no	yes	main_text	high	Severe hypoglycaemia is clearly associated with increased cardiovascular risk, while the agent predicted no in all seeds.
BMC-CASE-028	24599411	https://pubmed.ncbi.nlm.nih.gov/24599411/	Is gastric cancer different in Korea and the United States?	yes	yes:2/5,no:3/5,maybe:0/5	no	yes:5/5,no:0/5,maybe:0/5	yes	agent_overcorrected_clear_or_qualified_yes	supervisor_informed_standardized_20260507	User-reported supervisor-informed review followed by controlled-field standardization; not automated-only adjudication, not independent expert consensus, and not a new PubMedQA gold standard.	supports_yes	observational_association	positive_association	overcorrected_yes	no	yes	supplement_only	high	The abstract reports significant differences between Korean and US gastric cancer cohorts.
BMC-CASE-029	8165771	https://pubmed.ncbi.nlm.nih.gov/8165771/	Ultrasound in squamous cell carcinoma of the penis; a useful addition to clinical staging?	yes	yes:2/5,no:3/5,maybe:0/5	no	yes:5/5,no:0/5,maybe:0/5	yes	agent_overcorrected_clear_or_qualified_yes	supervisor_informed_standardized_20260507	User-reported supervisor-informed review followed by controlled-field standardization; not automated-only adjudication, not independent expert consensus, and not a new PubMedQA gold standard.	genuinely_uncertain	diagnostic_or_biomarker	mixed_outcome	both_wrong_or_ambiguous	yes	yes	exclude	moderate	Ultrasound is not accurate enough for small tumors but may help for larger tumors, making the yes label unsafe.
BMC-CASE-030	8375607	https://pubmed.ncbi.nlm.nih.gov/8375607/	Is the breast best for children with a family history of atopy?	yes	yes:2/5,no:3/5,maybe:0/5	no	yes:5/5,no:0/5,maybe:0/5	yes	agent_overcorrected_clear_or_qualified_yes	supervisor_informed_standardized_20260507	User-reported supervisor-informed review followed by controlled-field standardization; not automated-only adjudication, not independent expert consensus, and not a new PubMedQA gold standard.	supports_yes	observational_association	positive_association	overcorrected_yes	no	yes	supplement_only	high	Breast-feeding is described as protective among children with a family history of atopy.
BMC-CASE-031	12419743	https://pubmed.ncbi.nlm.nih.gov/12419743/	Is first-line single-agent mitoxantrone in the treatment of high-risk metastatic breast cancer patients as effective as combination chemotherapy?	yes	yes:5/5,no:0/5,maybe:0/5	yes	yes:5/5,no:0/5,maybe:0/5	yes	both_models_correct_control	supervisor_informed_standardized_20260507	User-reported supervisor-informed review followed by controlled-field standardization; not automated-only adjudication, not independent expert consensus, and not a new PubMedQA gold standard.	supports_yes	intervention_or_comparative	statistical_non_significance	no_meaningful_change	uncertain	yes	supplement_only	moderate	No significant difference supports the yes answer, but equivalence from non-significance should be used cautiously.
BMC-CASE-032	18603989	https://pubmed.ncbi.nlm.nih.gov/18603989/	Can homemade alcohol (Raksi) be useful for preserving dead bodies?	yes	yes:5/5,no:0/5,maybe:0/5	yes	yes:5/5,no:0/5,maybe:0/5	yes	both_models_correct_control	supervisor_informed_standardized_20260507	User-reported supervisor-informed review followed by controlled-field standardization; not automated-only adjudication, not independent expert consensus, and not a new PubMedQA gold standard.	supports_yes	other	qualified_conclusion	no_meaningful_change	no	yes	supplement_only	moderate	The preservation claim is supported only as a temporary applied conclusion from the study.
BMC-CASE-033	19406119	https://pubmed.ncbi.nlm.nih.gov/19406119/	Does telmisartan prevent hepatic fibrosis in rats with alloxan-induced diabetes?	yes	yes:5/5,no:0/5,maybe:0/5	yes	yes:5/5,no:0/5,maybe:0/5	yes	both_models_correct_control	supervisor_informed_standardized_20260507	User-reported supervisor-informed review followed by controlled-field standardization; not automated-only adjudication, not independent expert consensus, and not a new PubMedQA gold standard.	supports_yes	intervention_or_comparative	positive_association	no_meaningful_change	no	yes	supplement_only	high	The rat experiment supports telmisartan reducing diabetes-induced hepatic injury.
BMC-CASE-034	21074975	https://pubmed.ncbi.nlm.nih.gov/21074975/	Ultra high risk (UHR) for psychosis criteria: are there different levels of risk for transition to psychosis?	yes	yes:5/5,no:0/5,maybe:0/5	yes	yes:5/5,no:0/5,maybe:0/5	yes	both_models_correct_control	supervisor_informed_standardized_20260507	User-reported supervisor-informed review followed by controlled-field standardization; not automated-only adjudication, not independent expert consensus, and not a new PubMedQA gold standard.	supports_yes	prognosis	positive_association	no_meaningful_change	no	yes	supplement_only	high	Different UHR criteria are stated to predict different short-term transition risks.
BMC-CASE-035	22902073	https://pubmed.ncbi.nlm.nih.gov/22902073/	Estimated fetal weight by ultrasound: a modifiable risk factor for cesarean delivery?	yes	yes:5/5,no:0/5,maybe:0/5	yes	yes:5/5,no:0/5,maybe:0/5	yes	both_models_correct_control	supervisor_informed_standardized_20260507	User-reported supervisor-informed review followed by controlled-field standardization; not automated-only adjudication, not independent expert consensus, and not a new PubMedQA gold standard.	supports_yes	observational_association	positive_association	no_meaningful_change	no	yes	supplement_only	high	Knowledge of ultrasound-estimated fetal weight is described as increasing cesarean delivery risk.
BMC-CASE-036	25150098	https://pubmed.ncbi.nlm.nih.gov/25150098/	Can common carotid intima media thickness serve as an indicator of both cardiovascular phenotype and risk among black Africans?	yes	yes:5/5,no:0/5,maybe:0/5	yes	yes:5/5,no:0/5,maybe:0/5	yes	both_models_correct_control	supervisor_informed_standardized_20260507	User-reported supervisor-informed review followed by controlled-field standardization; not automated-only adjudication, not independent expert consensus, and not a new PubMedQA gold standard.	supports_yes	diagnostic_or_biomarker	qualified_conclusion	no_meaningful_change	uncertain	yes	supplement_only	moderate	CIMT is supported as an indicator, but thresholds require prospective definition.
BMC-CASE-037	25228241	https://pubmed.ncbi.nlm.nih.gov/25228241/	Elephant trunk in a small-calibre true lumen for chronic aortic dissection: cause of haemolytic anaemia?	yes	yes:5/5,no:0/5,maybe:0/5	yes	yes:5/5,no:0/5,maybe:0/5	yes	both_models_correct_control	supervisor_informed_standardized_20260507	User-reported supervisor-informed review followed by controlled-field standardization; not automated-only adjudication, not independent expert consensus, and not a new PubMedQA gold standard.	supports_yes	procedure_or_surgery	positive_association	no_meaningful_change	no	yes	supplement_only	high	A folded elephant trunk in a small-calibre true lumen is stated to cause haemolysis.
BMC-CASE-038	25255719	https://pubmed.ncbi.nlm.nih.gov/25255719/	Hearing loss: an unknown complication of pre-eclampsia?	yes	yes:5/5,no:0/5,maybe:0/5	yes	yes:5/5,no:0/5,maybe:0/5	yes	both_models_correct_control	supervisor_informed_standardized_20260507	User-reported supervisor-informed review followed by controlled-field standardization; not automated-only adjudication, not independent expert consensus, and not a new PubMedQA gold standard.	supports_yes	observational_association	qualified_conclusion	no_meaningful_change	uncertain	yes	supplement_only	moderate	Pre-eclampsia is described as a potential risk factor, with further studies needed.
BMC-CASE-039	10732884	https://pubmed.ncbi.nlm.nih.gov/10732884/	Does coronary angiography before emergency aortic surgery affect in-hospital mortality?	no	yes:5/5,no:0/5,maybe:0/5	yes	yes:5/5,no:0/5,maybe:0/5	yes	both_models_wrong_or_ambiguous_control	supervisor_informed_standardized_20260507	User-reported supervisor-informed review followed by controlled-field standardization; not automated-only adjudication, not independent expert consensus, and not a new PubMedQA gold standard.	supports_no	procedure_or_surgery	qualified_conclusion	both_wrong_or_ambiguous	no	yes	supplement_only	high	The abstract says coronary anatomy determination may not affect survival before emergency aortic surgery.
BMC-CASE-040	15053041	https://pubmed.ncbi.nlm.nih.gov/15053041/	Do acute changes in heart rate by isoproterenol affect aortic stiffness in patients with hypertension?	no	yes:4/5,no:1/5,maybe:0/5	yes	yes:5/5,no:0/5,maybe:0/5	yes	both_models_wrong_or_ambiguous_control	supervisor_informed_standardized_20260507	User-reported supervisor-informed review followed by controlled-field standardization; not automated-only adjudication, not independent expert consensus, and not a new PubMedQA gold standard.	supports_no	general_evidence	explicit_no_effect	both_wrong_or_ambiguous	no	yes	main_text	high	Aortic stiffness was not affected by acute heart-rate changes, yet both model families predicted yes.
BMC-CASE-041	16155169	https://pubmed.ncbi.nlm.nih.gov/16155169/	Percutaneous ethanol injection for benign cystic thyroid nodules: is aspiration of ethanol-mixed fluid advantageous?	no	yes:3/5,no:2/5,maybe:0/5	yes	yes:5/5,no:0/5,maybe:0/5	yes	both_models_wrong_or_ambiguous_control	supervisor_informed_standardized_20260507	User-reported supervisor-informed review followed by controlled-field standardization; not automated-only adjudication, not independent expert consensus, and not a new PubMedQA gold standard.	supports_no	procedure_or_surgery	qualified_conclusion	both_wrong_or_ambiguous	no	yes	supplement_only	high	The abstract favors no aspiration of ethanol-mixed fluid, opposing the question wording.
BMC-CASE-042	20736887	https://pubmed.ncbi.nlm.nih.gov/20736887/	Is decompressive surgery effective for spinal cord sarcoidosis accompanied with compressive cervical myelopathy?	no	yes:4/5,no:1/5,maybe:0/5	yes	yes:5/5,no:0/5,maybe:0/5	yes	both_models_wrong_or_ambiguous_control	supervisor_informed_standardized_20260507	User-reported supervisor-informed review followed by controlled-field standardization; not automated-only adjudication, not independent expert consensus, and not a new PubMedQA gold standard.	supports_no	procedure_or_surgery	explicit_no_effect	both_wrong_or_ambiguous	no	yes	supplement_only	high	The effect of decompression for spinal cord sarcoidosis was not evident.
BMC-CASE-043	22154448	https://pubmed.ncbi.nlm.nih.gov/22154448/	Epidural analgesia for surgical treatment of peritoneal carcinomatosis: a risky technique?	no	yes:5/5,no:0/5,maybe:0/5	yes	yes:5/5,no:0/5,maybe:0/5	yes	both_models_wrong_or_ambiguous_control	supervisor_informed_standardized_20260507	User-reported supervisor-informed review followed by controlled-field standardization; not automated-only adjudication, not independent expert consensus, and not a new PubMedQA gold standard.	supports_no	procedure_or_surgery	explicit_no_effect	both_wrong_or_ambiguous	no	yes	supplement_only	high	Epidural analgesia is not described as increasing major procedural risks in this series.
BMC-CASE-044	23240452	https://pubmed.ncbi.nlm.nih.gov/23240452/	Can we predict urinary stone composition based on an analysis of microelement concentration in the hair and urine?	no	yes:4/5,no:1/5,maybe:0/5	yes	yes:5/5,no:0/5,maybe:0/5	yes	both_models_wrong_or_ambiguous_control	supervisor_informed_standardized_20260507	User-reported supervisor-informed review followed by controlled-field standardization; not automated-only adjudication, not independent expert consensus, and not a new PubMedQA gold standard.	supports_no	diagnostic_or_biomarker	explicit_no_effect	both_wrong_or_ambiguous	no	yes	supplement_only	high	Hair and urine microelement analysis did not allow a practical stone-composition prediction algorithm.
BMC-CASE-045	24939676	https://pubmed.ncbi.nlm.nih.gov/24939676/	Does ultrasound-scored synovitis depend on the pharmacokinetics of subcutaneous anti-TNF agents in patients with rheumatoid arthritis?	no	yes:4/5,no:1/5,maybe:0/5	yes	yes:4/5,no:1/5,maybe:0/5	yes	both_models_wrong_or_ambiguous_control	supervisor_informed_standardized_20260507	User-reported supervisor-informed review followed by controlled-field standardization; not automated-only adjudication, not independent expert consensus, and not a new PubMedQA gold standard.	supports_no	observational_association	statistical_non_significance	both_wrong_or_ambiguous	no	yes	supplement_only	high	Anti-TNF pharmacokinetics did not significantly influence ultrasound-scored synovitis.
BMC-CASE-046	16538201	https://pubmed.ncbi.nlm.nih.gov/16538201/	Does use of hydrophilic guidewires significantly improve technical success rates of peripheral PTA?	maybe	yes:2/5,no:3/5,maybe:0/5	no	yes:5/5,no:0/5,maybe:0/5	yes	maybe_or_qualified_label_audit	supervisor_informed_standardized_20260507	User-reported supervisor-informed review followed by controlled-field standardization; not automated-only adjudication, not independent expert consensus, and not a new PubMedQA gold standard.	label_ambiguous	procedure_or_surgery	positive_association	maybe_unresolved	yes	yes	exclude	moderate	The abstract supports improved technical success, so the maybe label should not be used as a clean model-behavior example.
BMC-CASE-047	17076091	https://pubmed.ncbi.nlm.nih.gov/17076091/	Does obstructive sleep apnea affect aerobic fitness?	maybe	yes:2/5,no:3/5,maybe:0/5	no	yes:5/5,no:0/5,maybe:0/5	yes	maybe_or_qualified_label_audit	supervisor_informed_standardized_20260507	User-reported supervisor-informed review followed by controlled-field standardization; not automated-only adjudication, not independent expert consensus, and not a new PubMedQA gold standard.	genuinely_uncertain	observational_association	mixed_outcome	maybe_unresolved	no	yes	main_text	high	The conclusion is genuinely mixed: overall OSA did not reduce fitness, but more severe OSA did.
BMC-CASE-048	17279467	https://pubmed.ncbi.nlm.nih.gov/17279467/	Can bisphosphonate treatment be stopped in a growing child with skeletal fragility?	maybe	yes:5/5,no:0/5,maybe:0/5	yes	yes:5/5,no:0/5,maybe:0/5	yes	maybe_or_qualified_label_audit	supervisor_informed_standardized_20260507	User-reported supervisor-informed review followed by controlled-field standardization; not automated-only adjudication, not independent expert consensus, and not a new PubMedQA gold standard.	genuinely_uncertain	other	limitation_heavy	maybe_unresolved	no	uncertain	exclude	low	The case-level conclusion reopens the question rather than providing a stable yes or no answer.
BMC-CASE-049	17489316	https://pubmed.ncbi.nlm.nih.gov/17489316/	Is tumour expression of VEGF associated with venous invasion and survival in pT3 renal cell carcinoma?	maybe	yes:4/5,no:1/5,maybe:0/5	yes	yes:5/5,no:0/5,maybe:0/5	yes	maybe_or_qualified_label_audit	supervisor_informed_standardized_20260507	User-reported supervisor-informed review followed by controlled-field standardization; not automated-only adjudication, not independent expert consensus, and not a new PubMedQA gold standard.	genuinely_uncertain	diagnostic_or_biomarker	mixed_outcome	maybe_unresolved	no	yes	supplement_only	high	VEGF is not associated with venous invasion but is prognostic for survival.
BMC-CASE-050	19351635	https://pubmed.ncbi.nlm.nih.gov/19351635/	Do older patients receive adequate stroke care?	maybe	yes:3/5,no:1/5,maybe:1/5	yes	yes:4/5,no:1/5,maybe:0/5	yes	maybe_or_qualified_label_audit	supervisor_informed_standardized_20260507	User-reported supervisor-informed review followed by controlled-field standardization; not automated-only adjudication, not independent expert consensus, and not a new PubMedQA gold standard.	label_ambiguous	general_evidence	mixed_outcome	maybe_unresolved	yes	yes	supplement_only	moderate	The abstract suggests older patients receive less complete stroke care, making the maybe label difficult to use cleanly.
BMC-CASE-051	19578820	https://pubmed.ncbi.nlm.nih.gov/19578820/	Are opioid dependence and methadone maintenance treatment (MMT) documented in the medical record?	maybe	yes:2/5,no:3/5,maybe:0/5	no	yes:5/5,no:0/5,maybe:0/5	yes	maybe_or_qualified_label_audit	supervisor_informed_standardized_20260507	User-reported supervisor-informed review followed by controlled-field standardization; not automated-only adjudication, not independent expert consensus, and not a new PubMedQA gold standard.	genuinely_uncertain	general_evidence	mixed_outcome	maybe_unresolved	no	yes	supplement_only	high	Documentation occurs for the majority but is missing for a substantial minority.
BMC-CASE-052	20101129	https://pubmed.ncbi.nlm.nih.gov/20101129/	Is prophylactic fixation a cost-effective method to prevent a future contralateral fragility hip fracture?	maybe	yes:4/5,no:1/5,maybe:0/5	yes	yes:5/5,no:0/5,maybe:0/5	yes	maybe_or_qualified_label_audit	supervisor_informed_standardized_20260507	User-reported supervisor-informed review followed by controlled-field standardization; not automated-only adjudication, not independent expert consensus, and not a new PubMedQA gold standard.	genuinely_uncertain	intervention_or_comparative	mixed_outcome	maybe_unresolved	no	yes	supplement_only	high	Prophylactic fixation is not cost-effective on average but may be appropriate for selected populations.
BMC-CASE-053	20736672	https://pubmed.ncbi.nlm.nih.gov/20736672/	Does perspective-taking increase patient satisfaction in medical encounters?	maybe	yes:2/5,no:3/5,maybe:0/5	no	yes:5/5,no:0/5,maybe:0/5	yes	maybe_or_qualified_label_audit	supervisor_informed_standardized_20260507	User-reported supervisor-informed review followed by controlled-field standardization; not automated-only adjudication, not independent expert consensus, and not a new PubMedQA gold standard.	label_ambiguous	intervention_or_comparative	positive_association	maybe_unresolved	yes	yes	exclude	moderate	The abstract consistently supports increased patient satisfaction, so the maybe label requires human review before use.
BMC-CASE-054	25571931	https://pubmed.ncbi.nlm.nih.gov/25571931/	Do elderly patients call 911 when presented with clinical scenarios suggestive of acute stroke?	maybe	yes:3/5,no:2/5,maybe:0/5	yes	yes:5/5,no:0/5,maybe:0/5	yes	maybe_or_qualified_label_audit	supervisor_informed_standardized_20260507	User-reported supervisor-informed review followed by controlled-field standardization; not automated-only adjudication, not independent expert consensus, and not a new PubMedQA gold standard.	label_ambiguous	general_evidence	explicit_no_effect	maybe_unresolved	yes	yes	exclude	high	Only a small fraction correctly endorsed calling 911, so the maybe label is not a clean fit.
BMC-CASE-055	25735444	https://pubmed.ncbi.nlm.nih.gov/25735444/	Rectal cancer threatening or affecting the prostatic plane: is partial prostatectomy oncologically adequate?	maybe	yes:2/5,no:3/5,maybe:0/5	no	yes:5/5,no:0/5,maybe:0/5	yes	maybe_or_qualified_label_audit	supervisor_informed_standardized_20260507	User-reported supervisor-informed review followed by controlled-field standardization; not automated-only adjudication, not independent expert consensus, and not a new PubMedQA gold standard.	genuinely_uncertain	procedure_or_surgery	qualified_conclusion	maybe_unresolved	no	yes	supplement_only	moderate	Partial prostatectomy is described as safe only within a conditional treatment context.
BMC-CASE-056	26505821	https://pubmed.ncbi.nlm.nih.gov/26505821/	Are Biochemical Markers of Bone Turnover Representative of Bone Histomorphometry in 370 Postmenopausal Women?	maybe	yes:5/5,no:0/5,maybe:0/5	yes	yes:5/5,no:0/5,maybe:0/5	yes	maybe_or_qualified_label_audit	supervisor_informed_standardized_20260507	User-reported supervisor-informed review followed by controlled-field standardization; not automated-only adjudication, not independent expert consensus, and not a new PubMedQA gold standard.	genuinely_uncertain	diagnostic_or_biomarker	qualified_conclusion	maybe_unresolved	no	yes	supplement_only	high	Bone turnover markers are modestly associated but not perfectly representative of whole-bone turnover.
BMC-CASE-057	26606599	https://pubmed.ncbi.nlm.nih.gov/26606599/	Do Surrogates of Injury Severity Influence the Occurrence of Heterotopic Ossification in Fractures of the Acetabulum?	maybe	yes:1/5,no:4/5,maybe:0/5	no	yes:5/5,no:0/5,maybe:0/5	yes	maybe_or_qualified_label_audit	supervisor_informed_standardized_20260507	User-reported supervisor-informed review followed by controlled-field standardization; not automated-only adjudication, not independent expert consensus, and not a new PubMedQA gold standard.	label_ambiguous	observational_association	positive_association	maybe_unresolved	yes	yes	supplement_only	moderate	The abstract supports an association with injury-severity surrogates, but confounding and prophylaxis complicate the label.
BMC-CASE-058	26708803	https://pubmed.ncbi.nlm.nih.gov/26708803/	Treatment of contralateral hydrocele in neonatal testicular torsion: Is less more?	maybe	yes:5/5,no:0/5,maybe:0/5	yes	yes:5/5,no:0/5,maybe:0/5	yes	maybe_or_qualified_label_audit	supervisor_informed_standardized_20260507	User-reported supervisor-informed review followed by controlled-field standardization; not automated-only adjudication, not independent expert consensus, and not a new PubMedQA gold standard.	label_ambiguous	procedure_or_surgery	positive_association	maybe_unresolved	yes	yes	exclude	high	The abstract presents the scrotal-only approach as safe and effective, so the maybe label is not clean.
BMC-CASE-059	27146470	https://pubmed.ncbi.nlm.nih.gov/27146470/	Are tuberculosis patients adherent to prescribed treatments in China?	maybe	yes:4/5,no:1/5,maybe:0/5	yes	yes:5/5,no:0/5,maybe:0/5	yes	maybe_or_qualified_label_audit	supervisor_informed_standardized_20260507	User-reported supervisor-informed review followed by controlled-field standardization; not automated-only adjudication, not independent expert consensus, and not a new PubMedQA gold standard.	label_ambiguous	general_evidence	explicit_no_effect	maybe_unresolved	yes	yes	exclude	high	The abstract states that many TB patients did not adhere to standard treatment, supporting no more than maybe.
BMC-CASE-060	27184293	https://pubmed.ncbi.nlm.nih.gov/27184293/	Does microbial contamination influence the success of the hematopoietic cell transplantation outcomes?	maybe	yes:5/5,no:0/5,maybe:0/5	yes	yes:5/5,no:0/5,maybe:0/5	yes	maybe_or_qualified_label_audit	supervisor_informed_standardized_20260507	User-reported supervisor-informed review followed by controlled-field standardization; not automated-only adjudication, not independent expert consensus, and not a new PubMedQA gold standard.	genuinely_uncertain	prognosis	qualified_conclusion	maybe_unresolved	no	yes	supplement_only	moderate	Contaminated products may be safe on short-term outcomes, but the wording remains tentative.
